solid csg_export
	facet normal -0.88192136461137 -0.47139654924703 0
		outer loop
			vertex -10.393370628357 -6.9446277618408 -40
			vertex -10.393370628357 -6.9446277618408 40
			vertex -11.489784240723 -4.8933811187744 -40
		endloop
	endfacet
	facet normal -0.77301038234961 -0.63439337069338 0
		outer loop
			vertex -8.8388347625732 -8.8388347625732 -40
			vertex -10.393370628357 -6.9446277618408 40
			vertex -10.393370628357 -6.9446277618408 -40
		endloop
	endfacet
	facet normal -0.63439337069338 -0.77301038234961 0
		outer loop
			vertex -8.8388347625732 -8.8388347625732 -40
			vertex -6.9446277618408 -10.393370628357 -40
			vertex -8.8388347625732 -8.8388347625732 40
		endloop
	endfacet
	facet normal -0.77301038234961 -0.63439337069338 0
		outer loop
			vertex -8.8388347625732 -8.8388347625732 -40
			vertex -8.8388347625732 -8.8388347625732 40
			vertex -10.393370628357 -6.9446277618408 40
		endloop
	endfacet
	facet normal -0.63439337069338 -0.77301038234961 0
		outer loop
			vertex -6.9446277618408 -10.393370628357 -40
			vertex -6.9446277618408 -10.393370628357 40
			vertex -8.8388347625732 -8.8388347625732 40
		endloop
	endfacet
	facet normal -0.47139654924703 -0.88192136461137 0
		outer loop
			vertex -6.9446277618408 -10.393370628357 -40
			vertex -4.8933811187744 -11.489784240723 40
			vertex -6.9446277618408 -10.393370628357 40
		endloop
	endfacet
	facet normal -0.88192136461137 -0.47139654924703 0
		outer loop
			vertex -11.489784240723 -4.8933811187744 -40
			vertex -10.393370628357 -6.9446277618408 40
			vertex -11.489784240723 -4.8933811187744 40
		endloop
	endfacet
	facet normal -0.47139654924703 -0.88192136461137 0
		outer loop
			vertex -6.9446277618408 -10.393370628357 -40
			vertex -4.8933811187744 -11.489784240723 -40
			vertex -4.8933811187744 -11.489784240723 40
		endloop
	endfacet
	facet normal -0.88192136461137 0.47139654924703 0
		outer loop
			vertex -11.489784240723 4.8933811187744 -40
			vertex -11.489784240723 4.8933811187744 40
			vertex -10.393370628357 6.9446277618408 -40
		endloop
	endfacet
	facet normal -0.77301038234961 0.63439337069338 0
		outer loop
			vertex -10.393370628357 6.9446277618408 -40
			vertex -8.8388347625732 8.8388347625732 40
			vertex -8.8388347625732 8.8388347625732 -40
		endloop
	endfacet
	facet normal -0.63439337069338 0.77301038234961 0
		outer loop
			vertex -8.8388347625732 8.8388347625732 -40
			vertex -6.9446277618408 10.393370628357 40
			vertex -6.9446277618408 10.393370628357 -40
		endloop
	endfacet
	facet normal -0.47139654924703 0.88192136461137 0
		outer loop
			vertex -6.9446277618408 10.393370628357 -40
			vertex -6.9446277618408 10.393370628357 40
			vertex -4.8933811187744 11.489784240723 -40
		endloop
	endfacet
	facet normal -0.88192136461137 0.47139654924703 0
		outer loop
			vertex -10.393370628357 6.9446277618408 -40
			vertex -11.489784240723 4.8933811187744 40
			vertex -10.393370628357 6.9446277618408 40
		endloop
	endfacet
	facet normal -0.77301038234961 0.63439337069338 0
		outer loop
			vertex -10.393370628357 6.9446277618408 -40
			vertex -10.393370628357 6.9446277618408 40
			vertex -8.8388347625732 8.8388347625732 40
		endloop
	endfacet
	facet normal -0.63439337069338 0.77301038234961 0
		outer loop
			vertex -8.8388347625732 8.8388347625732 -40
			vertex -8.8388347625732 8.8388347625732 40
			vertex -6.9446277618408 10.393370628357 40
		endloop
	endfacet
	facet normal -0.47139654924703 0.88192136461137 0
		outer loop
			vertex -4.8933811187744 11.489784240723 -40
			vertex -6.9446277618408 10.393370628357 40
			vertex -4.8933811187744 11.489784240723 40
		endloop
	endfacet
	facet normal 0.47139654924703 -0.88192136461137 0
		outer loop
			vertex 4.8933811187744 -11.489784240723 -40
			vertex 6.9446277618408 -10.393370628357 40
			vertex 4.8933811187744 -11.489784240723 40
		endloop
	endfacet
	facet normal 0.47139654924703 -0.88192136461137 0
		outer loop
			vertex 4.8933811187744 -11.489784240723 -40
			vertex 6.9446277618408 -10.393370628357 -40
			vertex 6.9446277618408 -10.393370628357 40
		endloop
	endfacet
	facet normal 0.63439337069338 -0.77301038234961 0
		outer loop
			vertex 6.9446277618408 -10.393370628357 -40
			vertex 8.8388347625732 -8.8388347625732 -40
			vertex 6.9446277618408 -10.393370628357 40
		endloop
	endfacet
	facet normal 0.77301038234961 -0.63439337069338 0
		outer loop
			vertex 8.8388347625732 -8.8388347625732 -40
			vertex 10.393370628357 -6.9446277618408 -40
			vertex 8.8388347625732 -8.8388347625732 40
		endloop
	endfacet
	facet normal 0.63439337069338 -0.77301038234961 0
		outer loop
			vertex 8.8388347625732 -8.8388347625732 -40
			vertex 8.8388347625732 -8.8388347625732 40
			vertex 6.9446277618408 -10.393370628357 40
		endloop
	endfacet
	facet normal 0.77301038234961 -0.63439337069338 0
		outer loop
			vertex 10.393370628357 -6.9446277618408 -40
			vertex 10.393370628357 -6.9446277618408 40
			vertex 8.8388347625732 -8.8388347625732 40
		endloop
	endfacet
	facet normal 0.88192136461137 -0.47139654924703 0
		outer loop
			vertex 10.393370628357 -6.9446277618408 -40
			vertex 11.489784240723 -4.8933811187744 40
			vertex 10.393370628357 -6.9446277618408 40
		endloop
	endfacet
	facet normal 0.88192136461137 -0.47139654924703 0
		outer loop
			vertex 10.393370628357 -6.9446277618408 -40
			vertex 11.489784240723 -4.8933811187744 -40
			vertex 11.489784240723 -4.8933811187744 40
		endloop
	endfacet
	facet normal 0.47139654924703 0.88192136461137 -0
		outer loop
			vertex 4.8933811187744 11.489784240723 -40
			vertex 4.8933811187744 11.489784240723 40
			vertex 6.9446277618408 10.393370628357 -40
		endloop
	endfacet
	facet normal 0.88192136461137 0.47139654924703 -0
		outer loop
			vertex 11.489784240723 4.8933811187744 -40
			vertex 10.393370628357 6.9446277618408 40
			vertex 11.489784240723 4.8933811187744 40
		endloop
	endfacet
	facet normal 0.63439337069338 0.77301038234961 0
		outer loop
			vertex 6.9446277618408 10.393370628357 -40
			vertex 8.8388347625732 8.8388347625732 40
			vertex 8.8388347625732 8.8388347625732 -40
		endloop
	endfacet
	facet normal 0.77301038234961 0.63439337069338 -0
		outer loop
			vertex 10.393370628357 6.9446277618408 -40
			vertex 8.8388347625732 8.8388347625732 -40
			vertex 10.393370628357 6.9446277618408 40
		endloop
	endfacet
	facet normal 0.88192136461137 0.47139654924703 0
		outer loop
			vertex 11.489784240723 4.8933811187744 -40
			vertex 10.393370628357 6.9446277618408 -40
			vertex 10.393370628357 6.9446277618408 40
		endloop
	endfacet
	facet normal 0.47139654924703 0.88192136461137 -0
		outer loop
			vertex 6.9446277618408 10.393370628357 -40
			vertex 4.8933811187744 11.489784240723 40
			vertex 6.9446277618408 10.393370628357 40
		endloop
	endfacet
	facet normal 0.63439337069338 0.77301038234961 -0
		outer loop
			vertex 6.9446277618408 10.393370628357 -40
			vertex 6.9446277618408 10.393370628357 40
			vertex 8.8388347625732 8.8388347625732 40
		endloop
	endfacet
	facet normal 0.77301038234961 0.63439337069338 -0
		outer loop
			vertex 8.8388347625732 8.8388347625732 -40
			vertex 8.8388347625732 8.8388347625732 40
			vertex 10.393370628357 6.9446277618408 40
		endloop
	endfacet
	facet normal -0.70027097969021 -0.70027097969021 0.13871232824597
		outer loop
			vertex -8.8388347625732 -8.8388347625732 40
			vertex -7.5470886230469 -9.6056222915649 42.650184631348
			vertex -9.6056222915649 -7.5470886230469 42.650184631348
		endloop
	endfacet
	facet normal -0.8449656200399 -0.51791022122325 0.13342452436888
		outer loop
			vertex -10.393370628357 -6.9446277618408 40
			vertex -9.6056222915649 -7.5470886230469 42.650184631348
			vertex -11.105596542358 -5.1113448143005 42.605739593506
		endloop
	endfacet
	facet normal -0.81457963868657 -0.49614950595596 0.30049239587205
		outer loop
			vertex -9.6056222915649 -7.5470886230469 42.650184631348
			vertex -9.926305770874 -5.3720779418945 45.372077941895
			vertex -11.105596542358 -5.1113448143005 42.605739593506
		endloop
	endfacet
	facet normal -0.77019663657914 -0.63208418868967 0.085245055051284
		outer loop
			vertex -8.8388347625732 -8.8388347625732 40
			vertex -9.6056222915649 -7.5470886230469 42.650184631348
			vertex -10.393370628357 -6.9446277618408 40
		endloop
	endfacet
	facet normal -0.74647366710094 -0.55994656639219 0.35949535061036
		outer loop
			vertex -9.6056222915649 -7.5470886230469 42.650184631348
			vertex -7.946385383606 -7.946385383606 45.473564147949
			vertex -9.926305770874 -5.3720779418945 45.372077941895
		endloop
	endfacet
	facet normal -0.63208418868967 -0.77019663657914 0.085245055051284
		outer loop
			vertex -8.8388347625732 -8.8388347625732 40
			vertex -6.9446277618408 -10.393370628357 40
			vertex -7.5470886230469 -9.6056222915649 42.650184631348
		endloop
	endfacet
	facet normal -0.51791022122325 -0.8449656200399 0.13342452436888
		outer loop
			vertex -7.5470886230469 -9.6056222915649 42.650184631348
			vertex -6.9446277618408 -10.393370628357 40
			vertex -5.1113448143005 -11.105596542358 42.605739593506
		endloop
	endfacet
	facet normal -0.49614950595596 -0.81457963868657 0.30049239587205
		outer loop
			vertex -7.5470886230469 -9.6056222915649 42.650184631348
			vertex -5.1113448143005 -11.105596542358 42.605739593506
			vertex -5.3720779418945 -9.926305770874 45.372077941895
		endloop
	endfacet
	facet normal -0.55994656639219 -0.74647366710094 0.35949535061036
		outer loop
			vertex -7.5470886230469 -9.6056222915649 42.650184631348
			vertex -5.3720779418945 -9.926305770874 45.372077941895
			vertex -7.946385383606 -7.946385383606 45.473564147949
		endloop
	endfacet
	facet normal -0.67433147916816 -0.67433147916816 0.30092210355135
		outer loop
			vertex -9.6056222915649 -7.5470886230469 42.650184631348
			vertex -7.5470886230469 -9.6056222915649 42.650184631348
			vertex -7.946385383606 -7.946385383606 45.473564147949
		endloop
	endfacet
	facet normal -0.69088603412633 -0.51121257253592 0.51121247395813
		outer loop
			vertex -7.946385383606 -7.946385383606 45.473564147949
			vertex -7.946385383606 -5.4735655784607 47.946384429932
			vertex -9.926305770874 -5.3720779418945 45.372077941895
		endloop
	endfacet
	facet normal -0.51121257253592 -0.69088603412633 0.51121247395813
		outer loop
			vertex -7.946385383606 -7.946385383606 45.473564147949
			vertex -5.3720779418945 -9.926305770874 45.372077941895
			vertex -5.4735655784607 -7.946385383606 47.946384429932
		endloop
	endfacet
	facet normal -0.87832407996076 -0.46947376152581 0.090228586378672
		outer loop
			vertex -10.393370628357 -6.9446277618408 40
			vertex -11.42616558075 -4.8740820884705 40.719707489014
			vertex -11.489784240723 -4.8933811187744 40
		endloop
	endfacet
	facet normal -0.87832398151111 -0.46947386264763 0.09022901857598
		outer loop
			vertex -10.393370628357 -6.9446277618408 40
			vertex -11.105596542358 -5.1113448143005 42.605739593506
			vertex -11.42616558075 -4.8740820884705 40.719707489014
		endloop
	endfacet
	facet normal -0.94163655125875 -0.31432203620134 0.12050835195859
		outer loop
			vertex -11.105596542358 -5.1113448143005 42.605739593506
			vertex -11.208034515381 -4.8079128265381 42.596744537354
			vertex -11.42616558075 -4.8740820884705 40.719707489014
		endloop
	endfacet
	facet normal -0.90721563565819 -0.2974561269563 0.29745527891343
		outer loop
			vertex -11.105596542358 -5.1113448143005 42.605739593506
			vertex -11.105596542358 -4.7768387794495 42.940246582031
			vertex -11.208034515381 -4.8079128265381 42.596744537354
		endloop
	endfacet
	facet normal -0.87586331896839 -0.34122141666135 0.3412204438443
		outer loop
			vertex -11.105596542358 -5.1113448143005 42.605739593506
			vertex -10.586583137512 -4.6193976402283 44.429920196533
			vertex -11.105596542358 -4.7768387794495 42.940246582031
		endloop
	endfacet
	facet normal -0.87586384554715 -0.34122023410322 0.34122027475211
		outer loop
			vertex -11.105596542358 -5.1113448143005 42.605739593506
			vertex -9.926305770874 -5.3720779418945 45.372077941895
			vertex -10.586583137512 -4.6193976402283 44.429920196533
		endloop
	endfacet
	facet normal -0.87586383728868 -0.34122036828803 0.34122016176558
		outer loop
			vertex -10.586583137512 -4.6193976402283 44.429920196533
			vertex -9.926305770874 -5.3720779418945 45.372077941895
			vertex -10.310160636902 -4.4716467857361 45.287208557129
		endloop
	endfacet
	facet normal -0.81458029046266 -0.30049249048372 0.49614837856499
		outer loop
			vertex -10.310160636902 -4.4716467857361 45.287208557129
			vertex -9.926305770874 -5.3720779418945 45.372077941895
			vertex -9.7872934341431 -4.1921682357788 46.314922332764
		endloop
	endfacet
	facet normal -0.74647337741705 -0.35949634847909 0.55994631192445
		outer loop
			vertex -9.926305770874 -5.3720779418945 45.372077941895
			vertex -7.946385383606 -5.4735655784607 47.946384429932
			vertex -9.7872934341431 -4.1921682357788 46.314922332764
		endloop
	endfacet
	facet normal -0.46947376152581 -0.87832407996076 0.090228586378672
		outer loop
			vertex -6.9446277618408 -10.393370628357 40
			vertex -4.8933811187744 -11.489784240723 40
			vertex -4.8740820884705 -11.42616558075 40.719707489014
		endloop
	endfacet
	facet normal -0.46947386264763 -0.87832398151111 0.09022901857598
		outer loop
			vertex -6.9446277618408 -10.393370628357 40
			vertex -4.8740820884705 -11.42616558075 40.719707489014
			vertex -5.1113448143005 -11.105596542358 42.605739593506
		endloop
	endfacet
	facet normal -0.34122023410322 -0.87586384554715 0.34122027475211
		outer loop
			vertex -5.1113448143005 -11.105596542358 42.605739593506
			vertex -4.6193976402283 -10.586583137512 44.429920196533
			vertex -5.3720779418945 -9.926305770874 45.372077941895
		endloop
	endfacet
	facet normal -0.31432203620134 -0.94163655125875 0.12050835195859
		outer loop
			vertex -5.1113448143005 -11.105596542358 42.605739593506
			vertex -4.8740820884705 -11.42616558075 40.719707489014
			vertex -4.8079128265381 -11.208034515381 42.596744537354
		endloop
	endfacet
	facet normal -0.2974561269563 -0.90721563565819 0.29745527891343
		outer loop
			vertex -5.1113448143005 -11.105596542358 42.605739593506
			vertex -4.8079128265381 -11.208034515381 42.596744537354
			vertex -4.7768387794495 -11.105596542358 42.940246582031
		endloop
	endfacet
	facet normal -0.34122141666135 -0.87586331896839 0.3412204438443
		outer loop
			vertex -5.1113448143005 -11.105596542358 42.605739593506
			vertex -4.7768387794495 -11.105596542358 42.940246582031
			vertex -4.6193976402283 -10.586583137512 44.429920196533
		endloop
	endfacet
	facet normal -0.34122036828803 -0.87586383728868 0.34122016176558
		outer loop
			vertex -4.6193976402283 -10.586583137512 44.429920196533
			vertex -4.4716467857361 -10.310160636902 45.287208557129
			vertex -5.3720779418945 -9.926305770874 45.372077941895
		endloop
	endfacet
	facet normal -0.30049249048372 -0.81458029046266 0.49614837856499
		outer loop
			vertex -4.4716467857361 -10.310160636902 45.287208557129
			vertex -4.1921682357788 -9.7872934341431 46.314922332764
			vertex -5.3720779418945 -9.926305770874 45.372077941895
		endloop
	endfacet
	facet normal -0.35949634847909 -0.74647337741705 0.55994631192445
		outer loop
			vertex -5.3720779418945 -9.926305770874 45.372077941895
			vertex -4.1921682357788 -9.7872934341431 46.314922332764
			vertex -5.4735655784607 -7.946385383606 47.946384429932
		endloop
	endfacet
	facet normal -0.57735030630003 -0.57735030630003 0.57735019496882
		outer loop
			vertex -7.946385383606 -7.946385383606 45.473564147949
			vertex -5.4735655784607 -7.946385383606 47.946384429932
			vertex -7.946385383606 -5.4735655784607 47.946384429932
		endloop
	endfacet
	facet normal -0.51121276714073 -0.51121276714073 0.69088567319393
		outer loop
			vertex -7.946385383606 -5.4735655784607 47.946384429932
			vertex -5.4735655784607 -7.946385383606 47.946384429932
			vertex -5.3720779418945 -5.3720779418945 49.926307678223
		endloop
	endfacet
	facet normal -0.74647313641229 -0.35949221201093 0.55994928888095
		outer loop
			vertex -9.7872934341431 -4.1921682357788 46.314922332764
			vertex -7.946385383606 -5.4735655784607 47.946384429932
			vertex -9.7221488952637 -4.1573481559753 46.424121856689
		endloop
	endfacet
	facet normal -0.74647341689306 -0.35949536114818 0.55994689318269
		outer loop
			vertex -9.7221488952637 -4.1573481559753 46.424121856689
			vertex -7.946385383606 -5.4735655784607 47.946384429932
			vertex -9.0459995269775 -3.6024465560913 47.681762695312
		endloop
	endfacet
	facet normal -0.67433040217372 -0.30092160419223 0.67433277900055
		outer loop
			vertex -9.0459995269775 -3.6024465560913 47.681762695312
			vertex -7.946385383606 -5.4735655784607 47.946384429932
			vertex -8.9644660949707 -3.5355339050293 47.793155670166
		endloop
	endfacet
	facet normal -0.67433104378462 -0.30092200615166 0.67433195801623
		outer loop
			vertex -8.9644660949707 -3.5355339050293 47.793155670166
			vertex -7.946385383606 -5.4735655784607 47.946384429932
			vertex -8.3426523208618 -2.7778511047363 48.753086090088
		endloop
	endfacet
	facet normal -0.67433164914851 -0.3009219248408 0.67433138893778
		outer loop
			vertex -7.946385383606 -5.4735655784607 47.946384429932
			vertex -7.5470886230469 -2.6501851081848 49.605621337891
			vertex -8.3426523208618 -2.7778511047363 48.753086090088
		endloop
	endfacet
	facet normal -0.55994704709629 -0.35949503781569 0.74647345715306
		outer loop
			vertex -7.946385383606 -5.4735655784607 47.946384429932
			vertex -5.3720779418945 -5.3720779418945 49.926307678223
			vertex -7.5470886230469 -2.6501851081848 49.605621337891
		endloop
	endfacet
	facet normal -0.49614949061427 -0.30049154181804 0.81457996308467
		outer loop
			vertex -7.5470886230469 -2.6501851081848 49.605621337891
			vertex -5.3720779418945 -5.3720779418945 49.926307678223
			vertex -5.1113448143005 -2.6057407855988 51.10559463501
		endloop
	endfacet
	facet normal -0.67433277842128 -0.30091826194007 0.67433189423132
		outer loop
			vertex -8.3426523208618 -2.7778511047363 48.753086090088
			vertex -7.5470886230469 -2.6501851081848 49.605621337891
			vertex -8.2744131088257 -2.6501851081848 48.878295898438
		endloop
	endfacet
	facet normal -0.70027153406601 -0.13871136627162 0.70027061586497
		outer loop
			vertex -8.2744131088257 -2.6501851081848 48.878295898438
			vertex -7.5470886230469 -2.6501851081848 49.605621337891
			vertex -7.8939919471741 -1.9384676218033 49.399696350098
		endloop
	endfacet
	facet normal -0.6321249156458 -0.085274069073581 0.77015999906735
		outer loop
			vertex -7.5470886230469 -2.6501851081848 49.605621337891
			vertex -7.8806023597717 -1.9134172201157 49.413459777832
			vertex -7.8939919471741 -1.9384676218033 49.399696350098
		endloop
	endfacet
	facet normal -0.63208210998954 -0.085244680750444 0.77019838394723
		outer loop
			vertex -7.5470886230469 -2.6501851081848 49.605621337891
			vertex -7.5960736274719 -0.97545158863068 49.750778198242
			vertex -7.8806023597717 -1.9134172201157 49.413459777832
		endloop
	endfacet
	facet normal -0.63208655706707 -0.085244496264993 0.7701947547417
		outer loop
			vertex -7.5470886230469 -2.6501851081848 49.605621337891
			vertex -6.9446277618408 7.6540422330873e-16 50.393371582031
			vertex -7.5960736274719 -0.97545158863068 49.750778198242
		endloop
	endfacet
	facet normal -0.63208541111088 -0.085245787015911 0.77019555234812
		outer loop
			vertex -7.5960736274719 -0.97545158863068 49.750778198242
			vertex -6.9446277618408 7.6540422330873e-16 50.393371582031
			vertex -7.5 0 49.937587738037
		endloop
	endfacet
	facet normal -0.51790995394803 -0.13342518684736 0.84496567925348
		outer loop
			vertex -7.5470886230469 -2.6501851081848 49.605621337891
			vertex -5.1113448143005 -2.6057407855988 51.10559463501
			vertex -6.9446277618408 7.6540422330873e-16 50.393371582031
		endloop
	endfacet
	facet normal -0.35949221201093 -0.74647313641229 0.55994928888095
		outer loop
			vertex -4.1921682357788 -9.7872934341431 46.314922332764
			vertex -4.1573481559753 -9.7221488952637 46.424121856689
			vertex -5.4735655784607 -7.946385383606 47.946384429932
		endloop
	endfacet
	facet normal -0.35949536114818 -0.74647341689306 0.55994689318269
		outer loop
			vertex -4.1573481559753 -9.7221488952637 46.424121856689
			vertex -3.6024465560913 -9.0459995269775 47.681762695312
			vertex -5.4735655784607 -7.946385383606 47.946384429932
		endloop
	endfacet
	facet normal -0.30092160419223 -0.67433040217372 0.67433277900055
		outer loop
			vertex -3.6024465560913 -9.0459995269775 47.681762695312
			vertex -3.5355339050293 -8.9644660949707 47.793155670166
			vertex -5.4735655784607 -7.946385383606 47.946384429932
		endloop
	endfacet
	facet normal -0.35949503781569 -0.55994704709629 0.74647345715306
		outer loop
			vertex -5.4735655784607 -7.946385383606 47.946384429932
			vertex -2.6501851081848 -7.5470886230469 49.605621337891
			vertex -5.3720779418945 -5.3720779418945 49.926307678223
		endloop
	endfacet
	facet normal -0.30092200615166 -0.67433104378462 0.67433195801623
		outer loop
			vertex -3.5355339050293 -8.9644660949707 47.793155670166
			vertex -2.7778511047363 -8.3426523208618 48.753086090088
			vertex -5.4735655784607 -7.946385383606 47.946384429932
		endloop
	endfacet
	facet normal -0.3009219248408 -0.67433164914851 0.67433138893778
		outer loop
			vertex -5.4735655784607 -7.946385383606 47.946384429932
			vertex -2.7778511047363 -8.3426523208618 48.753086090088
			vertex -2.6501851081848 -7.5470886230469 49.605621337891
		endloop
	endfacet
	facet normal -0.30049154181804 -0.49614949061427 0.81457996308467
		outer loop
			vertex -2.6501851081848 -7.5470886230469 49.605621337891
			vertex -2.6057407855988 -5.1113448143005 51.10559463501
			vertex -5.3720779418945 -5.3720779418945 49.926307678223
		endloop
	endfacet
	facet normal -0.30091826194007 -0.67433277842128 0.67433189423132
		outer loop
			vertex -2.7778511047363 -8.3426523208618 48.753086090088
			vertex -2.6501851081848 -8.2744131088257 48.878295898438
			vertex -2.6501851081848 -7.5470886230469 49.605621337891
		endloop
	endfacet
	facet normal -0.13871136627162 -0.70027153406601 0.70027061586497
		outer loop
			vertex -2.6501851081848 -8.2744131088257 48.878295898438
			vertex -1.9384676218033 -7.8939919471741 49.399696350098
			vertex -2.6501851081848 -7.5470886230469 49.605621337891
		endloop
	endfacet
	facet normal -0.085274069073581 -0.6321249156458 0.77015999906735
		outer loop
			vertex -2.6501851081848 -7.5470886230469 49.605621337891
			vertex -1.9384676218033 -7.8939919471741 49.399696350098
			vertex -1.9134172201157 -7.8806023597717 49.413459777832
		endloop
	endfacet
	facet normal -0.085244680750444 -0.63208210998954 0.77019838394723
		outer loop
			vertex -2.6501851081848 -7.5470886230469 49.605621337891
			vertex -1.9134172201157 -7.8806023597717 49.413459777832
			vertex -0.97545158863068 -7.5960736274719 49.750778198242
		endloop
	endfacet
	facet normal -0.13342518684736 -0.51790995394803 0.84496567925348
		outer loop
			vertex -2.6501851081848 -7.5470886230469 49.605621337891
			vertex 7.6540422330873e-16 -6.9446277618408 50.393371582031
			vertex -2.6057407855988 -5.1113448143005 51.10559463501
		endloop
	endfacet
	facet normal -0.085244496264993 -0.63208655706707 0.7701947547417
		outer loop
			vertex -2.6501851081848 -7.5470886230469 49.605621337891
			vertex -0.97545158863068 -7.5960736274719 49.750778198242
			vertex 7.6540422330873e-16 -6.9446277618408 50.393371582031
		endloop
	endfacet
	facet normal -0.085245787015911 -0.63208541111088 0.77019555234812
		outer loop
			vertex -0.97545158863068 -7.5960736274719 49.750778198242
			vertex 7.6540422330873e-16 -7.5 49.937587738037
			vertex 7.6540422330873e-16 -6.9446277618408 50.393371582031
		endloop
	endfacet
	facet normal -0.34121952368297 -0.34121952368297 0.87586441491542
		outer loop
			vertex -5.3720779418945 -5.3720779418945 49.926307678223
			vertex -2.6057407855988 -5.1113448143005 51.10559463501
			vertex -5.1113448143005 -2.6057407855988 51.10559463501
		endloop
	endfacet
	facet normal -0.29745589651341 -0.29745589651341 0.90721550871819
		outer loop
			vertex -5.1113448143005 -2.6057407855988 51.10559463501
			vertex -2.6057407855988 -5.1113448143005 51.10559463501
			vertex -2.5291841030121 -2.5291841030121 51.97732925415
		endloop
	endfacet
	facet normal -0.46947298555163 -0.090229201581947 0.87832443152808
		outer loop
			vertex -5.1113448143005 -2.6057407855988 51.10559463501
			vertex -4.7835431098938 7.6540422330873e-16 51.548492431641
			vertex -6.9446277618408 7.6540422330873e-16 50.393371582031
		endloop
	endfacet
	facet normal -0.31432254801838 -0.12050823305717 0.94163639562874
		outer loop
			vertex -5.1113448143005 -2.6057407855988 51.10559463501
			vertex -2.5291841030121 -2.5291841030121 51.97732925415
			vertex -4.7835431098938 7.6540422330873e-16 51.548492431641
		endloop
	endfacet
	facet normal -0.28894577575707 -0.096044325305604 0.95251552546336
		outer loop
			vertex -2.5291841030121 -2.5291841030121 51.97732925415
			vertex -2.4980595111847 -1.6598808765411 52.074424743652
			vertex -4.7835431098938 7.6540422330873e-16 51.548492431641
		endloop
	endfacet
	facet normal -0.28894134496065 -0.096037583300631 0.95251754932185
		outer loop
			vertex -4.7835431098938 7.6540422330873e-16 51.548492431641
			vertex -2.4980595111847 -1.6598808765411 52.074424743652
			vertex -2.7716386318207 -1.1480503082275 52.043041229248
		endloop
	endfacet
	facet normal -0.28894446766833 -0.096043730764552 0.95251598222009
		outer loop
			vertex -4.7835431098938 7.6540422330873e-16 51.548492431641
			vertex -2.7716386318207 -1.1480503082275 52.043041229248
			vertex -2.9423558712006 -0.58527094125748 52.048000335693
		endloop
	endfacet
	facet normal -0.28894413422201 -0.096042488558092 0.95251620862338
		outer loop
			vertex -4.7835431098938 7.6540422330873e-16 51.548492431641
			vertex -2.9423558712006 -0.58527094125748 52.048000335693
			vertex -3 0 52.089527130127
		endloop
	endfacet
	facet normal -0.12050823305717 -0.31432254801838 0.94163639562874
		outer loop
			vertex -2.6057407855988 -5.1113448143005 51.10559463501
			vertex 7.6540422330873e-16 -4.7835431098938 51.548492431641
			vertex -2.5291841030121 -2.5291841030121 51.97732925415
		endloop
	endfacet
	facet normal -0.090229201581947 -0.46947298555163 0.87832443152808
		outer loop
			vertex -2.6057407855988 -5.1113448143005 51.10559463501
			vertex 7.6540422330873e-16 -6.9446277618408 50.393371582031
			vertex 7.6540422330873e-16 -4.7835431098938 51.548492431641
		endloop
	endfacet
	facet normal -0.096044325305604 -0.28894577575707 0.95251552546336
		outer loop
			vertex -2.5291841030121 -2.5291841030121 51.97732925415
			vertex 7.6540422330873e-16 -4.7835431098938 51.548492431641
			vertex -1.6598808765411 -2.4980595111847 52.074424743652
		endloop
	endfacet
	facet normal -0.096037583300631 -0.28894134496065 0.95251754932185
		outer loop
			vertex 7.6540422330873e-16 -4.7835431098938 51.548492431641
			vertex -1.1480503082275 -2.7716386318207 52.043041229248
			vertex -1.6598808765411 -2.4980595111847 52.074424743652
		endloop
	endfacet
	facet normal -0.096043730764552 -0.28894446766833 0.95251598222009
		outer loop
			vertex 7.6540422330873e-16 -4.7835431098938 51.548492431641
			vertex -0.58527094125748 -2.9423558712006 52.048000335693
			vertex -1.1480503082275 -2.7716386318207 52.043041229248
		endloop
	endfacet
	facet normal -0.096042488558092 -0.28894413422201 0.95251620862338
		outer loop
			vertex 7.6540422330873e-16 -4.7835431098938 51.548492431641
			vertex 7.6540422330873e-16 -3 52.089527130127
			vertex -0.58527094125748 -2.9423558712006 52.048000335693
		endloop
	endfacet
	facet normal -0.10659389994069 -0.10659996691902 0.98857179180285
		outer loop
			vertex -2.5291841030121 -2.5291841030121 51.97732925415
			vertex -2.1213202476501 -2.1213202476501 52.065288543701
			vertex -2.4944088459015 -1.6667107343674 52.074081420898
		endloop
	endfacet
	facet normal -0.10647417430552 -0.10660616667503 0.98858402547928
		outer loop
			vertex -2.5291841030121 -2.5291841030121 51.97732925415
			vertex -2.4944088459015 -1.6667107343674 52.074081420898
			vertex -2.4980595111847 -1.6598808765411 52.074424743652
		endloop
	endfacet
	facet normal -0.10659996691902 -0.10659389994069 0.98857179180285
		outer loop
			vertex -2.5291841030121 -2.5291841030121 51.97732925415
			vertex -1.6667107343674 -2.4944088459015 52.074081420898
			vertex -2.1213202476501 -2.1213202476501 52.065288543701
		endloop
	endfacet
	facet normal -0.10660616667503 -0.10647417430552 0.98858402547928
		outer loop
			vertex -2.5291841030121 -2.5291841030121 51.97732925415
			vertex -1.6598808765411 -2.4980595111847 52.074424743652
			vertex -1.6667107343674 -2.4944088459015 52.074081420898
		endloop
	endfacet
	facet normal -0.94163655125875 0.31432203620134 0.12050835195859
		outer loop
			vertex -11.42616558075 4.8740820884705 40.719707489014
			vertex -11.208034515381 4.8079128265381 42.596744537354
			vertex -11.105596542358 5.1113448143005 42.605739593506
		endloop
	endfacet
	facet normal -0.90721563565819 0.2974561269563 0.29745527891343
		outer loop
			vertex -11.208034515381 4.8079128265381 42.596744537354
			vertex -11.105596542358 4.7768387794495 42.940246582031
			vertex -11.105596542358 5.1113448143005 42.605739593506
		endloop
	endfacet
	facet normal -0.87586331896839 0.34122141666135 0.3412204438443
		outer loop
			vertex -11.105596542358 4.7768387794495 42.940246582031
			vertex -10.586583137512 4.6193976402283 44.429920196533
			vertex -11.105596542358 5.1113448143005 42.605739593506
		endloop
	endfacet
	facet normal -0.87832407996076 0.46947376152581 0.090228586378672
		outer loop
			vertex -11.489784240723 4.8933811187744 40
			vertex -11.42616558075 4.8740820884705 40.719707489014
			vertex -10.393370628357 6.9446277618408 40
		endloop
	endfacet
	facet normal -0.87832398151111 0.46947386264763 0.09022901857598
		outer loop
			vertex -11.42616558075 4.8740820884705 40.719707489014
			vertex -11.105596542358 5.1113448143005 42.605739593506
			vertex -10.393370628357 6.9446277618408 40
		endloop
	endfacet
	facet normal -0.87586383728868 0.34122036828803 0.34122016176558
		outer loop
			vertex -10.586583137512 4.6193976402283 44.429920196533
			vertex -10.310160636902 4.4716467857361 45.287208557129
			vertex -9.926305770874 5.3720779418945 45.372077941895
		endloop
	endfacet
	facet normal -0.87586384554715 0.34122023410322 0.34122027475211
		outer loop
			vertex -11.105596542358 5.1113448143005 42.605739593506
			vertex -10.586583137512 4.6193976402283 44.429920196533
			vertex -9.926305770874 5.3720779418945 45.372077941895
		endloop
	endfacet
	facet normal -0.81458029046266 0.30049249048372 0.49614837856499
		outer loop
			vertex -10.310160636902 4.4716467857361 45.287208557129
			vertex -9.7872934341431 4.1921682357788 46.314922332764
			vertex -9.926305770874 5.3720779418945 45.372077941895
		endloop
	endfacet
	facet normal -0.74647337741705 0.35949634847909 0.55994631192445
		outer loop
			vertex -9.7872934341431 4.1921682357788 46.314922332764
			vertex -7.946385383606 5.4735655784607 47.946384429932
			vertex -9.926305770874 5.3720779418945 45.372077941895
		endloop
	endfacet
	facet normal -0.81457963868657 0.49614950595596 0.30049239587205
		outer loop
			vertex -11.105596542358 5.1113448143005 42.605739593506
			vertex -9.926305770874 5.3720779418945 45.372077941895
			vertex -9.6056222915649 7.5470886230469 42.650184631348
		endloop
	endfacet
	facet normal -0.8449656200399 0.51791022122325 0.13342452436888
		outer loop
			vertex -11.105596542358 5.1113448143005 42.605739593506
			vertex -9.6056222915649 7.5470886230469 42.650184631348
			vertex -10.393370628357 6.9446277618408 40
		endloop
	endfacet
	facet normal -0.74647366710094 0.55994656639219 0.35949535061036
		outer loop
			vertex -9.926305770874 5.3720779418945 45.372077941895
			vertex -7.946385383606 7.946385383606 45.473564147949
			vertex -9.6056222915649 7.5470886230469 42.650184631348
		endloop
	endfacet
	facet normal -0.77019663657914 0.63208418868967 0.085245055051284
		outer loop
			vertex -10.393370628357 6.9446277618408 40
			vertex -9.6056222915649 7.5470886230469 42.650184631348
			vertex -8.8388347625732 8.8388347625732 40
		endloop
	endfacet
	facet normal -0.70027097969021 0.70027097969021 0.13871232824597
		outer loop
			vertex -9.6056222915649 7.5470886230469 42.650184631348
			vertex -7.5470886230469 9.6056222915649 42.650184631348
			vertex -8.8388347625732 8.8388347625732 40
		endloop
	endfacet
	facet normal -0.69088603412633 0.51121257253592 0.51121247395813
		outer loop
			vertex -9.926305770874 5.3720779418945 45.372077941895
			vertex -7.946385383606 5.4735655784607 47.946384429932
			vertex -7.946385383606 7.946385383606 45.473564147949
		endloop
	endfacet
	facet normal -0.67433147916816 0.67433147916816 0.30092210355135
		outer loop
			vertex -9.6056222915649 7.5470886230469 42.650184631348
			vertex -7.946385383606 7.946385383606 45.473564147949
			vertex -7.5470886230469 9.6056222915649 42.650184631348
		endloop
	endfacet
	facet normal -0.51121257253592 0.69088603412633 0.51121247395813
		outer loop
			vertex -7.946385383606 7.946385383606 45.473564147949
			vertex -5.4735655784607 7.946385383606 47.946384429932
			vertex -5.3720779418945 9.926305770874 45.372077941895
		endloop
	endfacet
	facet normal -0.63208418868967 0.77019663657914 0.085245055051284
		outer loop
			vertex -8.8388347625732 8.8388347625732 40
			vertex -7.5470886230469 9.6056222915649 42.650184631348
			vertex -6.9446277618408 10.393370628357 40
		endloop
	endfacet
	facet normal -0.55994656639219 0.74647366710094 0.35949535061036
		outer loop
			vertex -7.946385383606 7.946385383606 45.473564147949
			vertex -5.3720779418945 9.926305770874 45.372077941895
			vertex -7.5470886230469 9.6056222915649 42.650184631348
		endloop
	endfacet
	facet normal -0.51791022122325 0.8449656200399 0.13342452436888
		outer loop
			vertex -7.5470886230469 9.6056222915649 42.650184631348
			vertex -5.1113448143005 11.105596542358 42.605739593506
			vertex -6.9446277618408 10.393370628357 40
		endloop
	endfacet
	facet normal -0.49614950595596 0.81457963868657 0.30049239587205
		outer loop
			vertex -7.5470886230469 9.6056222915649 42.650184631348
			vertex -5.3720779418945 9.926305770874 45.372077941895
			vertex -5.1113448143005 11.105596542358 42.605739593506
		endloop
	endfacet
	facet normal -0.35949634847909 0.74647337741705 0.55994631192445
		outer loop
			vertex -5.4735655784607 7.946385383606 47.946384429932
			vertex -4.1921682357788 9.7872934341431 46.314922332764
			vertex -5.3720779418945 9.926305770874 45.372077941895
		endloop
	endfacet
	facet normal -0.30049249048372 0.81458029046266 0.49614837856499
		outer loop
			vertex -5.3720779418945 9.926305770874 45.372077941895
			vertex -4.1921682357788 9.7872934341431 46.314922332764
			vertex -4.4716467857361 10.310160636902 45.287208557129
		endloop
	endfacet
	facet normal -0.34122023410322 0.87586384554715 0.34122027475211
		outer loop
			vertex -5.3720779418945 9.926305770874 45.372077941895
			vertex -4.6193976402283 10.586583137512 44.429920196533
			vertex -5.1113448143005 11.105596542358 42.605739593506
		endloop
	endfacet
	facet normal -0.46947376152581 0.87832407996076 0.090228586378672
		outer loop
			vertex -6.9446277618408 10.393370628357 40
			vertex -4.8740820884705 11.42616558075 40.719707489014
			vertex -4.8933811187744 11.489784240723 40
		endloop
	endfacet
	facet normal -0.46947386264763 0.87832398151111 0.09022901857598
		outer loop
			vertex -6.9446277618408 10.393370628357 40
			vertex -5.1113448143005 11.105596542358 42.605739593506
			vertex -4.8740820884705 11.42616558075 40.719707489014
		endloop
	endfacet
	facet normal -0.34122036828803 0.87586383728868 0.34122016176558
		outer loop
			vertex -5.3720779418945 9.926305770874 45.372077941895
			vertex -4.4716467857361 10.310160636902 45.287208557129
			vertex -4.6193976402283 10.586583137512 44.429920196533
		endloop
	endfacet
	facet normal -0.34122141666135 0.87586331896839 0.3412204438443
		outer loop
			vertex -5.1113448143005 11.105596542358 42.605739593506
			vertex -4.6193976402283 10.586583137512 44.429920196533
			vertex -4.7768387794495 11.105596542358 42.940246582031
		endloop
	endfacet
	facet normal -0.31432203620134 0.94163655125875 0.12050835195859
		outer loop
			vertex -5.1113448143005 11.105596542358 42.605739593506
			vertex -4.8079128265381 11.208034515381 42.596744537354
			vertex -4.8740820884705 11.42616558075 40.719707489014
		endloop
	endfacet
	facet normal -0.2974561269563 0.90721563565819 0.29745527891343
		outer loop
			vertex -5.1113448143005 11.105596542358 42.605739593506
			vertex -4.7768387794495 11.105596542358 42.940246582031
			vertex -4.8079128265381 11.208034515381 42.596744537354
		endloop
	endfacet
	facet normal -0.67433040217372 0.30092160419223 0.67433277900055
		outer loop
			vertex -8.9644660949707 3.5355339050293 47.793155670166
			vertex -7.946385383606 5.4735655784607 47.946384429932
			vertex -9.0459995269775 3.6024465560913 47.681762695312
		endloop
	endfacet
	facet normal -0.74647313641229 0.35949221201093 0.55994928888095
		outer loop
			vertex -9.7872934341431 4.1921682357788 46.314922332764
			vertex -9.7221488952637 4.1573481559753 46.424121856689
			vertex -7.946385383606 5.4735655784607 47.946384429932
		endloop
	endfacet
	facet normal -0.74647341689306 0.35949536114818 0.55994689318269
		outer loop
			vertex -9.7221488952637 4.1573481559753 46.424121856689
			vertex -9.0459995269775 3.6024465560913 47.681762695312
			vertex -7.946385383606 5.4735655784607 47.946384429932
		endloop
	endfacet
	facet normal -0.63208541111088 0.085245787015911 0.77019555234812
		outer loop
			vertex -7.5 0 49.937587738037
			vertex -6.9446277618408 7.6540422330873e-16 50.393371582031
			vertex -7.5960736274719 0.97545158863068 49.750778198242
		endloop
	endfacet
	facet normal -0.63208655706707 0.085244496264993 0.7701947547417
		outer loop
			vertex -7.5960736274719 0.97545158863068 49.750778198242
			vertex -6.9446277618408 7.6540422330873e-16 50.393371582031
			vertex -7.5470886230469 2.6501851081848 49.605621337891
		endloop
	endfacet
	facet normal -0.70027153406601 0.13871136627162 0.70027061586497
		outer loop
			vertex -8.2744131088257 2.6501851081848 48.878295898438
			vertex -7.8939919471741 1.9384676218033 49.399696350098
			vertex -7.5470886230469 2.6501851081848 49.605621337891
		endloop
	endfacet
	facet normal -0.67433277842128 0.30091826194007 0.67433189423132
		outer loop
			vertex -8.2744131088257 2.6501851081848 48.878295898438
			vertex -7.5470886230469 2.6501851081848 49.605621337891
			vertex -8.3426523208618 2.7778511047363 48.753086090088
		endloop
	endfacet
	facet normal -0.63208210998954 0.085244680750444 0.77019838394723
		outer loop
			vertex -7.5960736274719 0.97545158863068 49.750778198242
			vertex -7.5470886230469 2.6501851081848 49.605621337891
			vertex -7.8806023597717 1.9134172201157 49.413459777832
		endloop
	endfacet
	facet normal -0.6321249156458 0.085274069073581 0.77015999906735
		outer loop
			vertex -7.8806023597717 1.9134172201157 49.413459777832
			vertex -7.5470886230469 2.6501851081848 49.605621337891
			vertex -7.8939919471741 1.9384676218033 49.399696350098
		endloop
	endfacet
	facet normal -0.51790995394803 0.13342518684736 0.84496567925348
		outer loop
			vertex -7.5470886230469 2.6501851081848 49.605621337891
			vertex -6.9446277618408 7.6540422330873e-16 50.393371582031
			vertex -5.1113448143005 2.6057407855988 51.10559463501
		endloop
	endfacet
	facet normal -0.67433104378462 0.30092200615166 0.67433195801623
		outer loop
			vertex -8.9644660949707 3.5355339050293 47.793155670166
			vertex -8.3426523208618 2.7778511047363 48.753086090088
			vertex -7.946385383606 5.4735655784607 47.946384429932
		endloop
	endfacet
	facet normal -0.67433164914851 0.3009219248408 0.67433138893778
		outer loop
			vertex -8.3426523208618 2.7778511047363 48.753086090088
			vertex -7.5470886230469 2.6501851081848 49.605621337891
			vertex -7.946385383606 5.4735655784607 47.946384429932
		endloop
	endfacet
	facet normal -0.49614949061427 0.30049154181804 0.81457996308467
		outer loop
			vertex -7.5470886230469 2.6501851081848 49.605621337891
			vertex -5.1113448143005 2.6057407855988 51.10559463501
			vertex -5.3720779418945 5.3720779418945 49.926307678223
		endloop
	endfacet
	facet normal -0.55994704709629 0.35949503781569 0.74647345715306
		outer loop
			vertex -7.5470886230469 2.6501851081848 49.605621337891
			vertex -5.3720779418945 5.3720779418945 49.926307678223
			vertex -7.946385383606 5.4735655784607 47.946384429932
		endloop
	endfacet
	facet normal -0.57735030630003 0.57735030630003 0.57735019496882
		outer loop
			vertex -7.946385383606 5.4735655784607 47.946384429932
			vertex -5.4735655784607 7.946385383606 47.946384429932
			vertex -7.946385383606 7.946385383606 45.473564147949
		endloop
	endfacet
	facet normal -0.51121276714073 0.51121276714073 0.69088567319393
		outer loop
			vertex -7.946385383606 5.4735655784607 47.946384429932
			vertex -5.3720779418945 5.3720779418945 49.926307678223
			vertex -5.4735655784607 7.946385383606 47.946384429932
		endloop
	endfacet
	facet normal -0.46947298555163 0.090229201581947 0.87832443152808
		outer loop
			vertex -6.9446277618408 7.6540422330873e-16 50.393371582031
			vertex -4.7835431098938 7.6540422330873e-16 51.548492431641
			vertex -5.1113448143005 2.6057407855988 51.10559463501
		endloop
	endfacet
	facet normal -0.28894413422201 0.096042488558092 0.95251620862338
		outer loop
			vertex -4.7835431098938 7.6540422330873e-16 51.548492431641
			vertex -3 0 52.089527130127
			vertex -2.9423558712006 0.58527094125748 52.048000335693
		endloop
	endfacet
	facet normal -0.28894446766833 0.096043730764552 0.95251598222008
		outer loop
			vertex -4.7835431098938 7.6540422330873e-16 51.548492431641
			vertex -2.9423558712006 0.58527094125748 52.048000335693
			vertex -2.7716386318207 1.1480503082275 52.043041229248
		endloop
	endfacet
	facet normal -0.28894134496065 0.096037583300631 0.95251754932185
		outer loop
			vertex -4.7835431098938 7.6540422330873e-16 51.548492431641
			vertex -2.7716386318207 1.1480503082275 52.043041229248
			vertex -2.4980595111847 1.6598808765411 52.074424743652
		endloop
	endfacet
	facet normal -0.28894577575707 0.096044325305604 0.95251552546336
		outer loop
			vertex -4.7835431098938 7.6540422330873e-16 51.548492431641
			vertex -2.4980595111847 1.6598808765411 52.074424743652
			vertex -2.5291841030121 2.5291841030121 51.97732925415
		endloop
	endfacet
	facet normal -0.31432254801838 0.12050823305717 0.94163639562873
		outer loop
			vertex -4.7835431098938 7.6540422330873e-16 51.548492431641
			vertex -2.5291841030121 2.5291841030121 51.97732925415
			vertex -5.1113448143005 2.6057407855988 51.10559463501
		endloop
	endfacet
	facet normal -0.34121952368297 0.34121952368297 0.87586441491542
		outer loop
			vertex -5.1113448143005 2.6057407855988 51.10559463501
			vertex -2.6057407855988 5.1113448143005 51.10559463501
			vertex -5.3720779418945 5.3720779418945 49.926307678223
		endloop
	endfacet
	facet normal -0.29745589651341 0.29745589651341 0.90721550871819
		outer loop
			vertex -5.1113448143005 2.6057407855988 51.10559463501
			vertex -2.5291841030121 2.5291841030121 51.97732925415
			vertex -2.6057407855988 5.1113448143005 51.10559463501
		endloop
	endfacet
	facet normal -0.10647417430552 0.10660616667503 0.98858402547928
		outer loop
			vertex -2.5291841030121 2.5291841030121 51.97732925415
			vertex -2.4980595111847 1.6598808765411 52.074424743652
			vertex -2.4944088459015 1.6667107343674 52.074081420898
		endloop
	endfacet
	facet normal -0.10659389994069 0.10659996691902 0.98857179180285
		outer loop
			vertex -2.5291841030121 2.5291841030121 51.97732925415
			vertex -2.4944088459015 1.6667107343674 52.074081420898
			vertex -2.1213202476501 2.1213202476501 52.065288543701
		endloop
	endfacet
	facet normal -0.10659996691902 0.10659389994069 0.98857179180285
		outer loop
			vertex -2.5291841030121 2.5291841030121 51.97732925415
			vertex -2.1213202476501 2.1213202476501 52.065288543701
			vertex -1.6667107343674 2.4944088459015 52.074081420898
		endloop
	endfacet
	facet normal -0.10660616667503 0.10647417430552 0.98858402547928
		outer loop
			vertex -2.5291841030121 2.5291841030121 51.97732925415
			vertex -1.6667107343674 2.4944088459015 52.074081420898
			vertex -1.6598808765411 2.4980595111847 52.074424743652
		endloop
	endfacet
	facet normal -0.12050823305717 0.31432254801838 0.94163639562874
		outer loop
			vertex -2.5291841030121 2.5291841030121 51.97732925415
			vertex 7.6540422330873e-16 4.7835431098938 51.548492431641
			vertex -2.6057407855988 5.1113448143005 51.10559463501
		endloop
	endfacet
	facet normal -0.096044325305604 0.28894577575707 0.95251552546336
		outer loop
			vertex -2.5291841030121 2.5291841030121 51.97732925415
			vertex -1.6598808765411 2.4980595111847 52.074424743652
			vertex 7.6540422330873e-16 4.7835431098938 51.548492431641
		endloop
	endfacet
	facet normal -0.096037583300631 0.28894134496065 0.95251754932185
		outer loop
			vertex 7.6540422330873e-16 4.7835431098938 51.548492431641
			vertex -1.6598808765411 2.4980595111847 52.074424743652
			vertex -1.1480503082275 2.7716386318207 52.043041229248
		endloop
	endfacet
	facet normal -0.096043730764552 0.28894446766833 0.95251598222009
		outer loop
			vertex 7.6540422330873e-16 4.7835431098938 51.548492431641
			vertex -1.1480503082275 2.7716386318207 52.043041229248
			vertex -0.58527094125748 2.9423558712006 52.048000335693
		endloop
	endfacet
	facet normal -0.096042488558092 0.28894413422201 0.95251620862338
		outer loop
			vertex 7.6540422330873e-16 4.7835431098938 51.548492431641
			vertex -0.58527094125748 2.9423558712006 52.048000335693
			vertex 0 3 52.089527130127
		endloop
	endfacet
	facet normal -0.090229201581947 0.46947298555163 0.87832443152808
		outer loop
			vertex -2.6057407855988 5.1113448143005 51.10559463501
			vertex 7.6540422330873e-16 4.7835431098938 51.548492431641
			vertex 7.6540422330873e-16 6.9446277618408 50.393371582031
		endloop
	endfacet
	facet normal -0.35949503781569 0.55994704709629 0.74647345715306
		outer loop
			vertex -5.3720779418945 5.3720779418945 49.926307678223
			vertex -2.6501851081848 7.5470886230469 49.605621337891
			vertex -5.4735655784607 7.946385383606 47.946384429932
		endloop
	endfacet
	facet normal -0.30049154181804 0.49614949061427 0.81457996308467
		outer loop
			vertex -5.3720779418945 5.3720779418945 49.926307678223
			vertex -2.6057407855988 5.1113448143005 51.10559463501
			vertex -2.6501851081848 7.5470886230469 49.605621337891
		endloop
	endfacet
	facet normal -0.3009219248408 0.67433164914851 0.67433138893778
		outer loop
			vertex -5.4735655784607 7.946385383606 47.946384429932
			vertex -2.6501851081848 7.5470886230469 49.605621337891
			vertex -2.7778511047363 8.3426523208618 48.753086090088
		endloop
	endfacet
	facet normal -0.30092200615166 0.67433104378462 0.67433195801623
		outer loop
			vertex -5.4735655784607 7.946385383606 47.946384429932
			vertex -2.7778511047363 8.3426523208618 48.753086090088
			vertex -3.5355339050293 8.9644660949707 47.793155670166
		endloop
	endfacet
	facet normal -0.35949536114818 0.74647341689306 0.55994689318269
		outer loop
			vertex -5.4735655784607 7.946385383606 47.946384429932
			vertex -3.6024465560913 9.0459995269775 47.681762695312
			vertex -4.1573481559753 9.7221488952637 46.424121856689
		endloop
	endfacet
	facet normal -0.35949221201093 0.74647313641229 0.55994928888095
		outer loop
			vertex -5.4735655784607 7.946385383606 47.946384429932
			vertex -4.1573481559753 9.7221488952637 46.424121856689
			vertex -4.1921682357788 9.7872934341431 46.314922332764
		endloop
	endfacet
	facet normal -0.30092160419223 0.67433040217372 0.67433277900055
		outer loop
			vertex -5.4735655784607 7.946385383606 47.946384429932
			vertex -3.5355339050293 8.9644660949707 47.793155670166
			vertex -3.6024465560913 9.0459995269775 47.681762695312
		endloop
	endfacet
	facet normal -0.13342518684736 0.51790995394803 0.84496567925348
		outer loop
			vertex -2.6057407855988 5.1113448143005 51.10559463501
			vertex 7.6540422330873e-16 6.9446277618408 50.393371582031
			vertex -2.6501851081848 7.5470886230469 49.605621337891
		endloop
	endfacet
	facet normal -0.085274069073581 0.6321249156458 0.77015999906735
		outer loop
			vertex -2.6501851081848 7.5470886230469 49.605621337891
			vertex -1.9134172201157 7.8806023597717 49.413459777832
			vertex -1.9384676218033 7.8939919471741 49.399696350098
		endloop
	endfacet
	facet normal -0.30091826194007 0.67433277842128 0.67433189423132
		outer loop
			vertex -2.6501851081848 7.5470886230469 49.605621337891
			vertex -2.6501851081848 8.2744131088257 48.878295898438
			vertex -2.7778511047363 8.3426523208618 48.753086090088
		endloop
	endfacet
	facet normal -0.13871136627162 0.70027153406601 0.70027061586497
		outer loop
			vertex -2.6501851081848 7.5470886230469 49.605621337891
			vertex -1.9384676218033 7.8939919471741 49.399696350098
			vertex -2.6501851081848 8.2744131088257 48.878295898438
		endloop
	endfacet
	facet normal -0.085244680750444 0.63208210998954 0.77019838394723
		outer loop
			vertex -2.6501851081848 7.5470886230469 49.605621337891
			vertex -0.97545158863068 7.5960736274719 49.750778198242
			vertex -1.9134172201157 7.8806023597717 49.413459777832
		endloop
	endfacet
	facet normal -0.085244496264993 0.63208655706707 0.7701947547417
		outer loop
			vertex -2.6501851081848 7.5470886230469 49.605621337891
			vertex 7.6540422330873e-16 6.9446277618408 50.393371582031
			vertex -0.97545158863068 7.5960736274719 49.750778198242
		endloop
	endfacet
	facet normal -0.085245787015911 0.63208541111088 0.77019555234812
		outer loop
			vertex -0.97545158863068 7.5960736274719 49.750778198242
			vertex 7.6540422330873e-16 6.9446277618408 50.393371582031
			vertex 0 7.5 49.937587738037
		endloop
	endfacet
	facet normal 0.31432203620134 -0.94163655125875 0.12050835195859
		outer loop
			vertex 4.8740820884705 -11.42616558075 40.719707489014
			vertex 5.1113448143005 -11.105596542358 42.605739593506
			vertex 4.8079128265381 -11.208034515381 42.596744537354
		endloop
	endfacet
	facet normal 0.2974561269563 -0.90721563565819 0.29745527891343
		outer loop
			vertex 4.8079128265381 -11.208034515381 42.596744537354
			vertex 5.1113448143005 -11.105596542358 42.605739593506
			vertex 4.7768387794495 -11.105596542358 42.940246582031
		endloop
	endfacet
	facet normal 0.34122141666135 -0.87586331896839 0.3412204438443
		outer loop
			vertex 4.7768387794495 -11.105596542358 42.940246582031
			vertex 5.1113448143005 -11.105596542358 42.605739593506
			vertex 4.6193976402283 -10.586583137512 44.429920196533
		endloop
	endfacet
	facet normal 0.34122036828803 -0.87586383728868 0.34122016176558
		outer loop
			vertex 4.6193976402283 -10.586583137512 44.429920196533
			vertex 5.3720779418945 -9.926305770874 45.372077941895
			vertex 4.4716467857361 -10.310160636902 45.287208557129
		endloop
	endfacet
	facet normal 0.46947376152581 -0.87832407996076 0.090228586378672
		outer loop
			vertex 4.8933811187744 -11.489784240723 40
			vertex 6.9446277618408 -10.393370628357 40
			vertex 4.8740820884705 -11.42616558075 40.719707489014
		endloop
	endfacet
	facet normal 0.46947386264763 -0.87832398151111 0.09022901857598
		outer loop
			vertex 4.8740820884705 -11.42616558075 40.719707489014
			vertex 6.9446277618408 -10.393370628357 40
			vertex 5.1113448143005 -11.105596542358 42.605739593506
		endloop
	endfacet
	facet normal 0.34122023410322 -0.87586384554715 0.34122027475211
		outer loop
			vertex 4.6193976402283 -10.586583137512 44.429920196533
			vertex 5.1113448143005 -11.105596542358 42.605739593506
			vertex 5.3720779418945 -9.926305770874 45.372077941895
		endloop
	endfacet
	facet normal 0.30049249048372 -0.81458029046266 0.49614837856499
		outer loop
			vertex 4.1921682357788 -9.7872934341431 46.314922332764
			vertex 4.4716467857361 -10.310160636902 45.287208557129
			vertex 5.3720779418945 -9.926305770874 45.372077941895
		endloop
	endfacet
	facet normal 0.35949634847909 -0.74647337741705 0.55994631192445
		outer loop
			vertex 4.1921682357788 -9.7872934341431 46.314922332764
			vertex 5.3720779418945 -9.926305770874 45.372077941895
			vertex 5.4735655784607 -7.946385383606 47.946384429932
		endloop
	endfacet
	facet normal 0.49614950595596 -0.81457963868657 0.30049239587205
		outer loop
			vertex 5.1113448143005 -11.105596542358 42.605739593506
			vertex 7.5470886230469 -9.6056222915649 42.650184631348
			vertex 5.3720779418945 -9.926305770874 45.372077941895
		endloop
	endfacet
	facet normal 0.51791022122325 -0.8449656200399 0.13342452436888
		outer loop
			vertex 5.1113448143005 -11.105596542358 42.605739593506
			vertex 6.9446277618408 -10.393370628357 40
			vertex 7.5470886230469 -9.6056222915649 42.650184631348
		endloop
	endfacet
	facet normal 0.55994656639219 -0.74647366710094 0.35949535061036
		outer loop
			vertex 5.3720779418945 -9.926305770874 45.372077941895
			vertex 7.5470886230469 -9.6056222915649 42.650184631348
			vertex 7.946385383606 -7.946385383606 45.473564147949
		endloop
	endfacet
	facet normal 0.63208418868967 -0.77019663657914 0.085245055051284
		outer loop
			vertex 6.9446277618408 -10.393370628357 40
			vertex 8.8388347625732 -8.8388347625732 40
			vertex 7.5470886230469 -9.6056222915649 42.650184631348
		endloop
	endfacet
	facet normal 0.51121257253592 -0.69088603412633 0.51121247395813
		outer loop
			vertex 5.3720779418945 -9.926305770874 45.372077941895
			vertex 7.946385383606 -7.946385383606 45.473564147949
			vertex 5.4735655784607 -7.946385383606 47.946384429932
		endloop
	endfacet
	facet normal 0.67433147916816 -0.67433147916816 0.30092210355135
		outer loop
			vertex 7.5470886230469 -9.6056222915649 42.650184631348
			vertex 9.6056222915649 -7.5470886230469 42.650184631348
			vertex 7.946385383606 -7.946385383606 45.473564147949
		endloop
	endfacet
	facet normal 0.69088603412633 -0.51121257253592 0.51121247395813
		outer loop
			vertex 7.946385383606 -7.946385383606 45.473564147949
			vertex 9.926305770874 -5.3720779418945 45.372077941895
			vertex 7.946385383606 -5.4735655784607 47.946384429932
		endloop
	endfacet
	facet normal 0.70027097969021 -0.70027097969021 0.13871232824597
		outer loop
			vertex 7.5470886230469 -9.6056222915649 42.650184631348
			vertex 8.8388347625732 -8.8388347625732 40
			vertex 9.6056222915649 -7.5470886230469 42.650184631348
		endloop
	endfacet
	facet normal 0.77019663657914 -0.63208418868967 0.085245055051284
		outer loop
			vertex 8.8388347625732 -8.8388347625732 40
			vertex 10.393370628357 -6.9446277618408 40
			vertex 9.6056222915649 -7.5470886230469 42.650184631348
		endloop
	endfacet
	facet normal 0.74647366710094 -0.55994656639219 0.35949535061036
		outer loop
			vertex 7.946385383606 -7.946385383606 45.473564147949
			vertex 9.6056222915649 -7.5470886230469 42.650184631348
			vertex 9.926305770874 -5.3720779418945 45.372077941895
		endloop
	endfacet
	facet normal 0.8449656200399 -0.51791022122325 0.13342452436888
		outer loop
			vertex 9.6056222915649 -7.5470886230469 42.650184631348
			vertex 10.393370628357 -6.9446277618408 40
			vertex 11.105596542358 -5.1113448143005 42.605739593506
		endloop
	endfacet
	facet normal 0.81457963868657 -0.49614950595596 0.30049239587205
		outer loop
			vertex 9.6056222915649 -7.5470886230469 42.650184631348
			vertex 11.105596542358 -5.1113448143005 42.605739593506
			vertex 9.926305770874 -5.3720779418945 45.372077941895
		endloop
	endfacet
	facet normal 0.74647337741705 -0.35949634847909 0.55994631192445
		outer loop
			vertex 7.946385383606 -5.4735655784607 47.946384429932
			vertex 9.926305770874 -5.3720779418945 45.372077941895
			vertex 9.7872934341431 -4.1921682357788 46.314922332764
		endloop
	endfacet
	facet normal 0.81458029046266 -0.30049249048372 0.49614837856499
		outer loop
			vertex 9.926305770874 -5.3720779418945 45.372077941895
			vertex 10.310160636902 -4.4716467857361 45.287208557129
			vertex 9.7872934341431 -4.1921682357788 46.314922332764
		endloop
	endfacet
	facet normal 0.87586384554715 -0.34122023410322 0.34122027475211
		outer loop
			vertex 9.926305770874 -5.3720779418945 45.372077941895
			vertex 11.105596542358 -5.1113448143005 42.605739593506
			vertex 10.586583137512 -4.6193976402283 44.429920196533
		endloop
	endfacet
	facet normal 0.87586383728868 -0.34122036828803 0.34122016176558
		outer loop
			vertex 9.926305770874 -5.3720779418945 45.372077941895
			vertex 10.586583137512 -4.6193976402283 44.429920196533
			vertex 10.310160636902 -4.4716467857361 45.287208557129
		endloop
	endfacet
	facet normal 0.87832407996076 -0.46947376152581 0.090228586378672
		outer loop
			vertex 10.393370628357 -6.9446277618408 40
			vertex 11.489784240723 -4.8933811187744 40
			vertex 11.42616558075 -4.8740820884705 40.719707489014
		endloop
	endfacet
	facet normal 0.87832398151111 -0.46947386264763 0.09022901857598
		outer loop
			vertex 10.393370628357 -6.9446277618408 40
			vertex 11.42616558075 -4.8740820884705 40.719707489014
			vertex 11.105596542358 -5.1113448143005 42.605739593506
		endloop
	endfacet
	facet normal 0.87586331896839 -0.34122141666135 0.3412204438443
		outer loop
			vertex 10.586583137512 -4.6193976402283 44.429920196533
			vertex 11.105596542358 -5.1113448143005 42.605739593506
			vertex 11.105596542358 -4.7768387794495 42.940246582031
		endloop
	endfacet
	facet normal 0.94163655125875 -0.31432203620134 0.12050835195859
		outer loop
			vertex 11.105596542358 -5.1113448143005 42.605739593506
			vertex 11.42616558075 -4.8740820884705 40.719707489014
			vertex 11.208034515381 -4.8079128265381 42.596744537354
		endloop
	endfacet
	facet normal 0.90721563565819 -0.2974561269563 0.29745527891343
		outer loop
			vertex 11.105596542358 -5.1113448143005 42.605739593506
			vertex 11.208034515381 -4.8079128265381 42.596744537354
			vertex 11.105596542358 -4.7768387794495 42.940246582031
		endloop
	endfacet
	facet normal 0.085245787015911 -0.63208541111088 0.77019555234812
		outer loop
			vertex 7.6540422330873e-16 -7.5 49.937587738037
			vertex 0.97545158863068 -7.5960736274719 49.750778198242
			vertex 7.6540422330873e-16 -6.9446277618408 50.393371582031
		endloop
	endfacet
	facet normal 0.085244496264993 -0.63208655706707 0.7701947547417
		outer loop
			vertex 0.97545158863068 -7.5960736274719 49.750778198242
			vertex 2.6501851081848 -7.5470886230469 49.605621337891
			vertex 7.6540422330873e-16 -6.9446277618408 50.393371582031
		endloop
	endfacet
	facet normal 0.085244680750444 -0.63208210998954 0.77019838394723
		outer loop
			vertex 0.97545158863068 -7.5960736274719 49.750778198242
			vertex 1.9134172201157 -7.8806023597717 49.413459777832
			vertex 2.6501851081848 -7.5470886230469 49.605621337891
		endloop
	endfacet
	facet normal 0.13871136627162 -0.70027153406601 0.70027061586497
		outer loop
			vertex 1.9384676218033 -7.8939919471741 49.399696350098
			vertex 2.6501851081848 -8.2744131088257 48.878295898438
			vertex 2.6501851081848 -7.5470886230469 49.605621337891
		endloop
	endfacet
	facet normal 0.30091826194007 -0.67433277842128 0.67433189423132
		outer loop
			vertex 2.6501851081848 -8.2744131088257 48.878295898438
			vertex 2.7778511047363 -8.3426523208618 48.753086090088
			vertex 2.6501851081848 -7.5470886230469 49.605621337891
		endloop
	endfacet
	facet normal 0.085274069073581 -0.6321249156458 0.77015999906735
		outer loop
			vertex 1.9134172201157 -7.8806023597717 49.413459777832
			vertex 1.9384676218033 -7.8939919471741 49.399696350098
			vertex 2.6501851081848 -7.5470886230469 49.605621337891
		endloop
	endfacet
	facet normal 0.13342518684736 -0.51790995394803 0.84496567925348
		outer loop
			vertex 7.6540422330873e-16 -6.9446277618408 50.393371582031
			vertex 2.6501851081848 -7.5470886230469 49.605621337891
			vertex 2.6057407855988 -5.1113448143005 51.10559463501
		endloop
	endfacet
	facet normal 0.30092160419223 -0.67433040217372 0.67433277900055
		outer loop
			vertex 3.5355339050293 -8.9644660949707 47.793155670166
			vertex 3.6024465560913 -9.0459995269775 47.681762695312
			vertex 5.4735655784607 -7.946385383606 47.946384429932
		endloop
	endfacet
	facet normal 0.35949221201093 -0.74647313641229 0.55994928888095
		outer loop
			vertex 4.1921682357788 -9.7872934341431 46.314922332764
			vertex 5.4735655784607 -7.946385383606 47.946384429932
			vertex 4.1573481559753 -9.7221488952637 46.424121856689
		endloop
	endfacet
	facet normal 0.35949536114818 -0.74647341689306 0.55994689318269
		outer loop
			vertex 4.1573481559753 -9.7221488952637 46.424121856689
			vertex 5.4735655784607 -7.946385383606 47.946384429932
			vertex 3.6024465560913 -9.0459995269775 47.681762695312
		endloop
	endfacet
	facet normal 0.30092200615166 -0.67433104378462 0.67433195801623
		outer loop
			vertex 2.7778511047363 -8.3426523208618 48.753086090088
			vertex 3.5355339050293 -8.9644660949707 47.793155670166
			vertex 5.4735655784607 -7.946385383606 47.946384429932
		endloop
	endfacet
	facet normal 0.3009219248408 -0.67433164914851 0.67433138893778
		outer loop
			vertex 2.7778511047363 -8.3426523208618 48.753086090088
			vertex 5.4735655784607 -7.946385383606 47.946384429932
			vertex 2.6501851081848 -7.5470886230469 49.605621337891
		endloop
	endfacet
	facet normal 0.30049154181804 -0.49614949061427 0.81457996308467
		outer loop
			vertex 2.6501851081848 -7.5470886230469 49.605621337891
			vertex 5.3720779418945 -5.3720779418945 49.926307678223
			vertex 2.6057407855988 -5.1113448143005 51.10559463501
		endloop
	endfacet
	facet normal 0.35949503781569 -0.55994704709629 0.74647345715306
		outer loop
			vertex 2.6501851081848 -7.5470886230469 49.605621337891
			vertex 5.4735655784607 -7.946385383606 47.946384429932
			vertex 5.3720779418945 -5.3720779418945 49.926307678223
		endloop
	endfacet
	facet normal 0.090229201581947 -0.46947298555163 0.87832443152808
		outer loop
			vertex 7.6540422330873e-16 -6.9446277618408 50.393371582031
			vertex 2.6057407855988 -5.1113448143005 51.10559463501
			vertex 7.6540422330873e-16 -4.7835431098938 51.548492431641
		endloop
	endfacet
	facet normal 0.096042488558092 -0.28894413422201 0.95251620862338
		outer loop
			vertex 7.6540422330873e-16 -4.7835431098938 51.548492431641
			vertex 0.58527094125748 -2.9423558712006 52.048000335693
			vertex 7.6540422330873e-16 -3 52.089527130127
		endloop
	endfacet
	facet normal 0.096043730764552 -0.28894446766833 0.95251598222008
		outer loop
			vertex 7.6540422330873e-16 -4.7835431098938 51.548492431641
			vertex 1.1480503082275 -2.7716386318207 52.043041229248
			vertex 0.58527094125748 -2.9423558712006 52.048000335693
		endloop
	endfacet
	facet normal 0.096037583300631 -0.28894134496065 0.95251754932185
		outer loop
			vertex 7.6540422330873e-16 -4.7835431098938 51.548492431641
			vertex 1.6598808765411 -2.4980595111847 52.074424743652
			vertex 1.1480503082275 -2.7716386318207 52.043041229248
		endloop
	endfacet
	facet normal 0.096044325305604 -0.28894577575707 0.95251552546336
		outer loop
			vertex 7.6540422330873e-16 -4.7835431098938 51.548492431641
			vertex 2.5291841030121 -2.5291841030121 51.97732925415
			vertex 1.6598808765411 -2.4980595111847 52.074424743652
		endloop
	endfacet
	facet normal 0.12050823305717 -0.31432254801838 0.94163639562873
		outer loop
			vertex 7.6540422330873e-16 -4.7835431098938 51.548492431641
			vertex 2.6057407855988 -5.1113448143005 51.10559463501
			vertex 2.5291841030121 -2.5291841030121 51.97732925415
		endloop
	endfacet
	facet normal 0.10660616667503 -0.10647417430552 0.98858402547928
		outer loop
			vertex 2.5291841030121 -2.5291841030121 51.97732925415
			vertex 1.6667107343674 -2.4944088459015 52.074081420898
			vertex 1.6598808765411 -2.4980595111847 52.074424743652
		endloop
	endfacet
	facet normal 0.10659996691902 -0.10659389994069 0.98857179180285
		outer loop
			vertex 2.5291841030121 -2.5291841030121 51.97732925415
			vertex 2.1213202476501 -2.1213202476501 52.065288543701
			vertex 1.6667107343674 -2.4944088459015 52.074081420898
		endloop
	endfacet
	facet normal 0.10659389994069 -0.10659996691902 0.98857179180285
		outer loop
			vertex 2.5291841030121 -2.5291841030121 51.97732925415
			vertex 2.4944088459015 -1.6667107343674 52.074081420898
			vertex 2.1213202476501 -2.1213202476501 52.065288543701
		endloop
	endfacet
	facet normal 0.10647417430552 -0.10660616667503 0.98858402547928
		outer loop
			vertex 2.5291841030121 -2.5291841030121 51.97732925415
			vertex 2.4980595111847 -1.6598808765411 52.074424743652
			vertex 2.4944088459015 -1.6667107343674 52.074081420898
		endloop
	endfacet
	facet normal 0.29745589651341 -0.29745589651341 0.90721550871819
		outer loop
			vertex 2.6057407855988 -5.1113448143005 51.10559463501
			vertex 5.1113448143005 -2.6057407855988 51.10559463501
			vertex 2.5291841030121 -2.5291841030121 51.97732925415
		endloop
	endfacet
	facet normal 0.34121952368297 -0.34121952368297 0.87586441491542
		outer loop
			vertex 2.6057407855988 -5.1113448143005 51.10559463501
			vertex 5.3720779418945 -5.3720779418945 49.926307678223
			vertex 5.1113448143005 -2.6057407855988 51.10559463501
		endloop
	endfacet
	facet normal 0.31432254801838 -0.12050823305717 0.94163639562874
		outer loop
			vertex 2.5291841030121 -2.5291841030121 51.97732925415
			vertex 5.1113448143005 -2.6057407855988 51.10559463501
			vertex 4.7835431098938 7.6540422330873e-16 51.548492431641
		endloop
	endfacet
	facet normal 0.28894577575707 -0.096044325305604 0.95251552546336
		outer loop
			vertex 2.5291841030121 -2.5291841030121 51.97732925415
			vertex 4.7835431098938 7.6540422330873e-16 51.548492431641
			vertex 2.4980595111847 -1.6598808765411 52.074424743652
		endloop
	endfacet
	facet normal 0.28894134496065 -0.096037583300631 0.95251754932185
		outer loop
			vertex 4.7835431098938 7.6540422330873e-16 51.548492431641
			vertex 2.7716386318207 -1.1480503082275 52.043041229248
			vertex 2.4980595111847 -1.6598808765411 52.074424743652
		endloop
	endfacet
	facet normal 0.28894446766833 -0.096043730764552 0.95251598222009
		outer loop
			vertex 4.7835431098938 7.6540422330873e-16 51.548492431641
			vertex 2.9423558712006 -0.58527094125748 52.048000335693
			vertex 2.7716386318207 -1.1480503082275 52.043041229248
		endloop
	endfacet
	facet normal 0.28894413422201 -0.096042488558092 0.95251620862338
		outer loop
			vertex 4.7835431098938 7.6540422330873e-16 51.548492431641
			vertex 3 7.6540422330873e-16 52.089527130127
			vertex 2.9423558712006 -0.58527094125748 52.048000335693
		endloop
	endfacet
	facet normal 0.46947298555163 -0.090229201581947 0.87832443152808
		outer loop
			vertex 5.1113448143005 -2.6057407855988 51.10559463501
			vertex 6.9446277618408 7.6540422330873e-16 50.393371582031
			vertex 4.7835431098938 7.6540422330873e-16 51.548492431641
		endloop
	endfacet
	facet normal 0.51121276714073 -0.51121276714073 0.69088567319393
		outer loop
			vertex 5.4735655784607 -7.946385383606 47.946384429932
			vertex 7.946385383606 -5.4735655784607 47.946384429932
			vertex 5.3720779418945 -5.3720779418945 49.926307678223
		endloop
	endfacet
	facet normal 0.57735030630003 -0.57735030630003 0.57735019496882
		outer loop
			vertex 5.4735655784607 -7.946385383606 47.946384429932
			vertex 7.946385383606 -7.946385383606 45.473564147949
			vertex 7.946385383606 -5.4735655784607 47.946384429932
		endloop
	endfacet
	facet normal 0.55994704709629 -0.35949503781569 0.74647345715306
		outer loop
			vertex 5.3720779418945 -5.3720779418945 49.926307678223
			vertex 7.946385383606 -5.4735655784607 47.946384429932
			vertex 7.5470886230469 -2.6501851081848 49.605621337891
		endloop
	endfacet
	facet normal 0.49614949061427 -0.30049154181804 0.81457996308467
		outer loop
			vertex 5.3720779418945 -5.3720779418945 49.926307678223
			vertex 7.5470886230469 -2.6501851081848 49.605621337891
			vertex 5.1113448143005 -2.6057407855988 51.10559463501
		endloop
	endfacet
	facet normal 0.67433164914851 -0.3009219248408 0.67433138893778
		outer loop
			vertex 7.946385383606 -5.4735655784607 47.946384429932
			vertex 8.3426523208618 -2.7778511047363 48.753086090088
			vertex 7.5470886230469 -2.6501851081848 49.605621337891
		endloop
	endfacet
	facet normal 0.67433104378462 -0.30092200615166 0.67433195801623
		outer loop
			vertex 7.946385383606 -5.4735655784607 47.946384429932
			vertex 8.9644660949707 -3.5355339050293 47.793155670166
			vertex 8.3426523208618 -2.7778511047363 48.753086090088
		endloop
	endfacet
	facet normal 0.51790995394803 -0.13342518684736 0.84496567925348
		outer loop
			vertex 5.1113448143005 -2.6057407855988 51.10559463501
			vertex 7.5470886230469 -2.6501851081848 49.605621337891
			vertex 6.9446277618408 7.6540422330873e-16 50.393371582031
		endloop
	endfacet
	facet normal 0.6321249156458 -0.085274069073581 0.77015999906735
		outer loop
			vertex 7.5470886230469 -2.6501851081848 49.605621337891
			vertex 7.8939919471741 -1.9384676218033 49.399696350098
			vertex 7.8806023597717 -1.9134172201157 49.413459777832
		endloop
	endfacet
	facet normal 0.63208210998954 -0.085244680750444 0.77019838394723
		outer loop
			vertex 7.5470886230469 -2.6501851081848 49.605621337891
			vertex 7.8806023597717 -1.9134172201157 49.413459777832
			vertex 7.5960736274719 -0.97545158863068 49.750778198242
		endloop
	endfacet
	facet normal 0.67433277842128 -0.30091826194007 0.67433189423132
		outer loop
			vertex 7.5470886230469 -2.6501851081848 49.605621337891
			vertex 8.3426523208618 -2.7778511047363 48.753086090088
			vertex 8.2744131088257 -2.6501851081848 48.878295898438
		endloop
	endfacet
	facet normal 0.70027153406601 -0.13871136627162 0.70027061586497
		outer loop
			vertex 7.5470886230469 -2.6501851081848 49.605621337891
			vertex 8.2744131088257 -2.6501851081848 48.878295898438
			vertex 7.8939919471741 -1.9384676218033 49.399696350098
		endloop
	endfacet
	facet normal 0.63208655706707 -0.085244496264993 0.7701947547417
		outer loop
			vertex 7.5470886230469 -2.6501851081848 49.605621337891
			vertex 7.5960736274719 -0.97545158863068 49.750778198242
			vertex 6.9446277618408 7.6540422330873e-16 50.393371582031
		endloop
	endfacet
	facet normal 0.63208541111088 -0.085245787015911 0.77019555234812
		outer loop
			vertex 7.5960736274719 -0.97545158863068 49.750778198242
			vertex 7.5 7.6540422330873e-16 49.937587738037
			vertex 6.9446277618408 7.6540422330873e-16 50.393371582031
		endloop
	endfacet
	facet normal 0.74647341689306 -0.35949536114818 0.55994689318269
		outer loop
			vertex 7.946385383606 -5.4735655784607 47.946384429932
			vertex 9.7221488952637 -4.1573481559753 46.424121856689
			vertex 9.0459995269775 -3.6024465560913 47.681762695312
		endloop
	endfacet
	facet normal 0.74647313641229 -0.35949221201093 0.55994928888095
		outer loop
			vertex 7.946385383606 -5.4735655784607 47.946384429932
			vertex 9.7872934341431 -4.1921682357788 46.314922332764
			vertex 9.7221488952637 -4.1573481559753 46.424121856689
		endloop
	endfacet
	facet normal 0.67433040217372 -0.30092160419223 0.67433277900055
		outer loop
			vertex 7.946385383606 -5.4735655784607 47.946384429932
			vertex 9.0459995269775 -3.6024465560913 47.681762695312
			vertex 8.9644660949707 -3.5355339050293 47.793155670166
		endloop
	endfacet
	facet normal 0.35949634847909 0.74647337741705 0.55994631192445
		outer loop
			vertex 5.4735655784607 7.946385383606 47.946384429932
			vertex 5.3720779418945 9.926305770874 45.372077941895
			vertex 4.1921682357788 9.7872934341431 46.314922332764
		endloop
	endfacet
	facet normal 0.30049249048372 0.81458029046266 0.49614837856499
		outer loop
			vertex 4.1921682357788 9.7872934341431 46.314922332764
			vertex 5.3720779418945 9.926305770874 45.372077941895
			vertex 4.4716467857361 10.310160636902 45.287208557129
		endloop
	endfacet
	facet normal 0.34122036828803 0.87586383728868 0.34122016176558
		outer loop
			vertex 5.3720779418945 9.926305770874 45.372077941895
			vertex 4.6193976402283 10.586583137512 44.429920196533
			vertex 4.4716467857361 10.310160636902 45.287208557129
		endloop
	endfacet
	facet normal 0.34122141666135 0.87586331896839 0.3412204438443
		outer loop
			vertex 4.6193976402283 10.586583137512 44.429920196533
			vertex 5.1113448143005 11.105596542358 42.605739593506
			vertex 4.7768387794495 11.105596542358 42.940246582031
		endloop
	endfacet
	facet normal 0.31432203620134 0.94163655125875 0.12050835195859
		outer loop
			vertex 4.8740820884705 11.42616558075 40.719707489014
			vertex 4.8079128265381 11.208034515381 42.596744537354
			vertex 5.1113448143005 11.105596542358 42.605739593506
		endloop
	endfacet
	facet normal 0.2974561269563 0.90721563565819 0.29745527891343
		outer loop
			vertex 4.8079128265381 11.208034515381 42.596744537354
			vertex 4.7768387794495 11.105596542358 42.940246582031
			vertex 5.1113448143005 11.105596542358 42.605739593506
		endloop
	endfacet
	facet normal 0.34122023410322 0.87586384554715 0.34122027475211
		outer loop
			vertex 5.3720779418945 9.926305770874 45.372077941895
			vertex 5.1113448143005 11.105596542358 42.605739593506
			vertex 4.6193976402283 10.586583137512 44.429920196533
		endloop
	endfacet
	facet normal 0.46947376152581 0.87832407996076 0.090228586378672
		outer loop
			vertex 4.8933811187744 11.489784240723 40
			vertex 4.8740820884705 11.42616558075 40.719707489014
			vertex 6.9446277618408 10.393370628357 40
		endloop
	endfacet
	facet normal 0.46947386264763 0.87832398151111 0.09022901857598
		outer loop
			vertex 4.8740820884705 11.42616558075 40.719707489014
			vertex 5.1113448143005 11.105596542358 42.605739593506
			vertex 6.9446277618408 10.393370628357 40
		endloop
	endfacet
	facet normal 0.74647337741705 0.35949634847909 0.55994631192445
		outer loop
			vertex 7.946385383606 5.4735655784607 47.946384429932
			vertex 9.7872934341431 4.1921682357788 46.314922332764
			vertex 9.926305770874 5.3720779418945 45.372077941895
		endloop
	endfacet
	facet normal 0.81458029046266 0.30049249048372 0.49614837856499
		outer loop
			vertex 9.7872934341431 4.1921682357788 46.314922332764
			vertex 10.310160636902 4.4716467857361 45.287208557129
			vertex 9.926305770874 5.3720779418945 45.372077941895
		endloop
	endfacet
	facet normal 0.87586383728868 0.34122036828803 0.34122016176558
		outer loop
			vertex 9.926305770874 5.3720779418945 45.372077941895
			vertex 10.310160636902 4.4716467857361 45.287208557129
			vertex 10.586583137512 4.6193976402283 44.429920196533
		endloop
	endfacet
	facet normal 0.87586384554715 0.34122023410322 0.34122027475211
		outer loop
			vertex 9.926305770874 5.3720779418945 45.372077941895
			vertex 10.586583137512 4.6193976402283 44.429920196533
			vertex 11.105596542358 5.1113448143005 42.605739593506
		endloop
	endfacet
	facet normal 0.87586331896839 0.34122141666135 0.3412204438443
		outer loop
			vertex 10.586583137512 4.6193976402283 44.429920196533
			vertex 11.105596542358 4.7768387794495 42.940246582031
			vertex 11.105596542358 5.1113448143005 42.605739593506
		endloop
	endfacet
	facet normal 0.94163655125875 0.31432203620134 0.12050835195859
		outer loop
			vertex 11.42616558075 4.8740820884705 40.719707489014
			vertex 11.105596542358 5.1113448143005 42.605739593506
			vertex 11.208034515381 4.8079128265381 42.596744537354
		endloop
	endfacet
	facet normal 0.90721563565819 0.2974561269563 0.29745527891343
		outer loop
			vertex 11.208034515381 4.8079128265381 42.596744537354
			vertex 11.105596542358 5.1113448143005 42.605739593506
			vertex 11.105596542358 4.7768387794495 42.940246582031
		endloop
	endfacet
	facet normal 0.87832407996076 0.46947376152581 0.090228586378672
		outer loop
			vertex 11.489784240723 4.8933811187744 40
			vertex 10.393370628357 6.9446277618408 40
			vertex 11.42616558075 4.8740820884705 40.719707489014
		endloop
	endfacet
	facet normal 0.87832398151111 0.46947386264763 0.09022901857598
		outer loop
			vertex 11.42616558075 4.8740820884705 40.719707489014
			vertex 10.393370628357 6.9446277618408 40
			vertex 11.105596542358 5.1113448143005 42.605739593506
		endloop
	endfacet
	facet normal 0.51121257253592 0.69088603412633 0.51121247395813
		outer loop
			vertex 5.4735655784607 7.946385383606 47.946384429932
			vertex 7.946385383606 7.946385383606 45.473564147949
			vertex 5.3720779418945 9.926305770874 45.372077941895
		endloop
	endfacet
	facet normal 0.69088603412633 0.51121257253592 0.51121247395813
		outer loop
			vertex 7.946385383606 5.4735655784607 47.946384429932
			vertex 9.926305770874 5.3720779418945 45.372077941895
			vertex 7.946385383606 7.946385383606 45.473564147949
		endloop
	endfacet
	facet normal 0.67433147916816 0.67433147916816 0.30092210355135
		outer loop
			vertex 7.946385383606 7.946385383606 45.473564147949
			vertex 9.6056222915649 7.5470886230469 42.650184631348
			vertex 7.5470886230469 9.6056222915649 42.650184631348
		endloop
	endfacet
	facet normal 0.55994656639219 0.74647366710094 0.35949535061036
		outer loop
			vertex 5.3720779418945 9.926305770874 45.372077941895
			vertex 7.946385383606 7.946385383606 45.473564147949
			vertex 7.5470886230469 9.6056222915649 42.650184631348
		endloop
	endfacet
	facet normal 0.49614950595596 0.81457963868657 0.30049239587205
		outer loop
			vertex 5.3720779418945 9.926305770874 45.372077941895
			vertex 7.5470886230469 9.6056222915649 42.650184631348
			vertex 5.1113448143005 11.105596542358 42.605739593506
		endloop
	endfacet
	facet normal 0.51791022122325 0.8449656200399 0.13342452436888
		outer loop
			vertex 5.1113448143005 11.105596542358 42.605739593506
			vertex 7.5470886230469 9.6056222915649 42.650184631348
			vertex 6.9446277618408 10.393370628357 40
		endloop
	endfacet
	facet normal 0.63208418868967 0.77019663657914 0.085245055051284
		outer loop
			vertex 6.9446277618408 10.393370628357 40
			vertex 7.5470886230469 9.6056222915649 42.650184631348
			vertex 8.8388347625732 8.8388347625732 40
		endloop
	endfacet
	facet normal 0.74647366710094 0.55994656639219 0.35949535061036
		outer loop
			vertex 9.926305770874 5.3720779418945 45.372077941895
			vertex 9.6056222915649 7.5470886230469 42.650184631348
			vertex 7.946385383606 7.946385383606 45.473564147949
		endloop
	endfacet
	facet normal 0.77019663657914 0.63208418868967 0.085245055051284
		outer loop
			vertex 9.6056222915649 7.5470886230469 42.650184631348
			vertex 10.393370628357 6.9446277618408 40
			vertex 8.8388347625732 8.8388347625732 40
		endloop
	endfacet
	facet normal 0.81457963868657 0.49614950595596 0.30049239587205
		outer loop
			vertex 9.926305770874 5.3720779418945 45.372077941895
			vertex 11.105596542358 5.1113448143005 42.605739593506
			vertex 9.6056222915649 7.5470886230469 42.650184631348
		endloop
	endfacet
	facet normal 0.8449656200399 0.51791022122325 0.13342452436888
		outer loop
			vertex 11.105596542358 5.1113448143005 42.605739593506
			vertex 10.393370628357 6.9446277618408 40
			vertex 9.6056222915649 7.5470886230469 42.650184631348
		endloop
	endfacet
	facet normal 0.70027097969021 0.70027097969021 0.13871232824597
		outer loop
			vertex 7.5470886230469 9.6056222915649 42.650184631348
			vertex 9.6056222915649 7.5470886230469 42.650184631348
			vertex 8.8388347625732 8.8388347625732 40
		endloop
	endfacet
	facet normal 0.10660616667503 0.10647417430552 0.98858402547928
		outer loop
			vertex 2.5291841030121 2.5291841030121 51.97732925415
			vertex 1.6598808765411 2.4980595111847 52.074424743652
			vertex 1.6667107343674 2.4944088459015 52.074081420898
		endloop
	endfacet
	facet normal 0.10659996691902 0.10659389994069 0.98857179180285
		outer loop
			vertex 2.5291841030121 2.5291841030121 51.97732925415
			vertex 1.6667107343674 2.4944088459015 52.074081420898
			vertex 2.1213202476501 2.1213202476501 52.065288543701
		endloop
	endfacet
	facet normal 0.10647417430552 0.10660616667503 0.98858402547928
		outer loop
			vertex 2.5291841030121 2.5291841030121 51.97732925415
			vertex 2.4944088459015 1.6667107343674 52.074081420898
			vertex 2.4980595111847 1.6598808765411 52.074424743652
		endloop
	endfacet
	facet normal 0.10659389994069 0.10659996691902 0.98857179180285
		outer loop
			vertex 2.5291841030121 2.5291841030121 51.97732925415
			vertex 2.1213202476501 2.1213202476501 52.065288543701
			vertex 2.4944088459015 1.6667107343674 52.074081420898
		endloop
	endfacet
	facet normal 0.096042488558092 0.28894413422201 0.95251620862338
		outer loop
			vertex 7.6540422330873e-16 4.7835431098938 51.548492431641
			vertex 0 3 52.089527130127
			vertex 0.58527094125748 2.9423558712006 52.048000335693
		endloop
	endfacet
	facet normal 0.096043730764552 0.28894446766833 0.95251598222008
		outer loop
			vertex 7.6540422330873e-16 4.7835431098938 51.548492431641
			vertex 0.58527094125748 2.9423558712006 52.048000335693
			vertex 1.1480503082275 2.7716386318207 52.043041229248
		endloop
	endfacet
	facet normal 0.096037583300631 0.28894134496065 0.95251754932185
		outer loop
			vertex 7.6540422330873e-16 4.7835431098938 51.548492431641
			vertex 1.1480503082275 2.7716386318207 52.043041229248
			vertex 1.6598808765411 2.4980595111847 52.074424743652
		endloop
	endfacet
	facet normal 0.096044325305604 0.28894577575707 0.95251552546336
		outer loop
			vertex 2.5291841030121 2.5291841030121 51.97732925415
			vertex 7.6540422330873e-16 4.7835431098938 51.548492431641
			vertex 1.6598808765411 2.4980595111847 52.074424743652
		endloop
	endfacet
	facet normal 0.090229201581947 0.46947298555163 0.87832443152808
		outer loop
			vertex 7.6540422330873e-16 4.7835431098938 51.548492431641
			vertex 2.6057407855988 5.1113448143005 51.10559463501
			vertex 7.6540422330873e-16 6.9446277618408 50.393371582031
		endloop
	endfacet
	facet normal 0.12050823305717 0.31432254801838 0.94163639562873
		outer loop
			vertex 2.5291841030121 2.5291841030121 51.97732925415
			vertex 2.6057407855988 5.1113448143005 51.10559463501
			vertex 7.6540422330873e-16 4.7835431098938 51.548492431641
		endloop
	endfacet
	facet normal 0.28894413422201 0.096042488558092 0.95251620862338
		outer loop
			vertex 4.7835431098938 7.6540422330873e-16 51.548492431641
			vertex 2.9423558712006 0.58527094125748 52.048000335693
			vertex 3 7.6540422330873e-16 52.089527130127
		endloop
	endfacet
	facet normal 0.28894446766833 0.096043730764552 0.95251598222008
		outer loop
			vertex 4.7835431098938 7.6540422330873e-16 51.548492431641
			vertex 2.7716386318207 1.1480503082275 52.043041229248
			vertex 2.9423558712006 0.58527094125748 52.048000335693
		endloop
	endfacet
	facet normal 0.28894134496065 0.096037583300631 0.95251754932185
		outer loop
			vertex 4.7835431098938 7.6540422330873e-16 51.548492431641
			vertex 2.4980595111847 1.6598808765411 52.074424743652
			vertex 2.7716386318207 1.1480503082275 52.043041229248
		endloop
	endfacet
	facet normal 0.28894577575707 0.096044325305604 0.95251552546336
		outer loop
			vertex 2.5291841030121 2.5291841030121 51.97732925415
			vertex 2.4980595111847 1.6598808765411 52.074424743652
			vertex 4.7835431098938 7.6540422330873e-16 51.548492431641
		endloop
	endfacet
	facet normal 0.31432254801838 0.12050823305717 0.94163639562873
		outer loop
			vertex 2.5291841030121 2.5291841030121 51.97732925415
			vertex 4.7835431098938 7.6540422330873e-16 51.548492431641
			vertex 5.1113448143005 2.6057407855988 51.10559463501
		endloop
	endfacet
	facet normal 0.46947298555163 0.090229201581947 0.87832443152808
		outer loop
			vertex 4.7835431098938 7.6540422330873e-16 51.548492431641
			vertex 6.9446277618408 7.6540422330873e-16 50.393371582031
			vertex 5.1113448143005 2.6057407855988 51.10559463501
		endloop
	endfacet
	facet normal 0.29745589651341 0.29745589651341 0.90721550871819
		outer loop
			vertex 2.5291841030121 2.5291841030121 51.97732925415
			vertex 5.1113448143005 2.6057407855988 51.10559463501
			vertex 2.6057407855988 5.1113448143005 51.10559463501
		endloop
	endfacet
	facet normal 0.34121952368297 0.34121952368297 0.87586441491542
		outer loop
			vertex 2.6057407855988 5.1113448143005 51.10559463501
			vertex 5.1113448143005 2.6057407855988 51.10559463501
			vertex 5.3720779418945 5.3720779418945 49.926307678223
		endloop
	endfacet
	facet normal 0.085245787015911 0.63208541111088 0.77019555234812
		outer loop
			vertex 7.6540422330873e-16 6.9446277618408 50.393371582031
			vertex 0.97545158863068 7.5960736274719 49.750778198242
			vertex 0 7.5 49.937587738037
		endloop
	endfacet
	facet normal 0.085244496264993 0.63208655706707 0.77019475474169
		outer loop
			vertex 7.6540422330873e-16 6.9446277618408 50.393371582031
			vertex 2.6501851081848 7.5470886230469 49.605621337891
			vertex 0.97545158863068 7.5960736274719 49.750778198242
		endloop
	endfacet
	facet normal 0.13342518684736 0.51790995394803 0.84496567925348
		outer loop
			vertex 2.6057407855988 5.1113448143005 51.10559463501
			vertex 2.6501851081848 7.5470886230469 49.605621337891
			vertex 7.6540422330873e-16 6.9446277618408 50.393371582031
		endloop
	endfacet
	facet normal 0.085244680750444 0.63208210998954 0.77019838394723
		outer loop
			vertex 0.97545158863068 7.5960736274719 49.750778198242
			vertex 2.6501851081848 7.5470886230469 49.605621337891
			vertex 1.9134172201157 7.8806023597717 49.413459777832
		endloop
	endfacet
	facet normal 0.085274069073581 0.6321249156458 0.77015999906735
		outer loop
			vertex 1.9134172201157 7.8806023597717 49.413459777832
			vertex 2.6501851081848 7.5470886230469 49.605621337891
			vertex 1.9384676218033 7.8939919471741 49.399696350098
		endloop
	endfacet
	facet normal 0.13871136627162 0.70027153406601 0.70027061586497
		outer loop
			vertex 1.9384676218033 7.8939919471741 49.399696350098
			vertex 2.6501851081848 7.5470886230469 49.605621337891
			vertex 2.6501851081848 8.2744131088257 48.878295898438
		endloop
	endfacet
	facet normal 0.30091826194007 0.67433277842128 0.67433189423132
		outer loop
			vertex 2.6501851081848 7.5470886230469 49.605621337891
			vertex 2.7778511047363 8.3426523208618 48.753086090088
			vertex 2.6501851081848 8.2744131088257 48.878295898438
		endloop
	endfacet
	facet normal 0.30049154181804 0.49614949061427 0.81457996308467
		outer loop
			vertex 2.6057407855988 5.1113448143005 51.10559463501
			vertex 5.3720779418945 5.3720779418945 49.926307678223
			vertex 2.6501851081848 7.5470886230469 49.605621337891
		endloop
	endfacet
	facet normal 0.3009219248408 0.67433164914851 0.67433138893778
		outer loop
			vertex 2.6501851081848 7.5470886230469 49.605621337891
			vertex 5.4735655784607 7.946385383606 47.946384429932
			vertex 2.7778511047363 8.3426523208618 48.753086090088
		endloop
	endfacet
	facet normal 0.30092200615166 0.67433104378462 0.67433195801623
		outer loop
			vertex 2.7778511047363 8.3426523208618 48.753086090088
			vertex 5.4735655784607 7.946385383606 47.946384429932
			vertex 3.5355339050293 8.9644660949707 47.793155670166
		endloop
	endfacet
	facet normal 0.35949503781569 0.55994704709629 0.74647345715306
		outer loop
			vertex 5.3720779418945 5.3720779418945 49.926307678223
			vertex 5.4735655784607 7.946385383606 47.946384429932
			vertex 2.6501851081848 7.5470886230469 49.605621337891
		endloop
	endfacet
	facet normal 0.30092160419223 0.67433040217372 0.67433277900055
		outer loop
			vertex 5.4735655784607 7.946385383606 47.946384429932
			vertex 3.6024465560913 9.0459995269775 47.681762695312
			vertex 3.5355339050293 8.9644660949707 47.793155670166
		endloop
	endfacet
	facet normal 0.35949536114818 0.74647341689306 0.55994689318269
		outer loop
			vertex 5.4735655784607 7.946385383606 47.946384429932
			vertex 4.1573481559753 9.7221488952637 46.424121856689
			vertex 3.6024465560913 9.0459995269775 47.681762695312
		endloop
	endfacet
	facet normal 0.35949221201093 0.74647313641229 0.55994928888095
		outer loop
			vertex 5.4735655784607 7.946385383606 47.946384429932
			vertex 4.1921682357788 9.7872934341431 46.314922332764
			vertex 4.1573481559753 9.7221488952637 46.424121856689
		endloop
	endfacet
	facet normal 0.51790995394803 0.13342518684736 0.84496567925348
		outer loop
			vertex 5.1113448143005 2.6057407855988 51.10559463501
			vertex 6.9446277618408 7.6540422330873e-16 50.393371582031
			vertex 7.5470886230469 2.6501851081848 49.605621337891
		endloop
	endfacet
	facet normal 0.63208541111088 0.085245787015911 0.77019555234812
		outer loop
			vertex 6.9446277618408 7.6540422330873e-16 50.393371582031
			vertex 7.5 7.6540422330873e-16 49.937587738037
			vertex 7.5960736274719 0.97545158863068 49.750778198242
		endloop
	endfacet
	facet normal 0.63208655706707 0.085244496264993 0.77019475474169
		outer loop
			vertex 6.9446277618408 7.6540422330873e-16 50.393371582031
			vertex 7.5960736274719 0.97545158863068 49.750778198242
			vertex 7.5470886230469 2.6501851081848 49.605621337891
		endloop
	endfacet
	facet normal 0.63208210998954 0.085244680750444 0.77019838394723
		outer loop
			vertex 7.5960736274719 0.97545158863068 49.750778198242
			vertex 7.8806023597717 1.9134172201157 49.413459777832
			vertex 7.5470886230469 2.6501851081848 49.605621337891
		endloop
	endfacet
	facet normal 0.6321249156458 0.085274069073581 0.77015999906735
		outer loop
			vertex 7.8806023597717 1.9134172201157 49.413459777832
			vertex 7.8939919471741 1.9384676218033 49.399696350098
			vertex 7.5470886230469 2.6501851081848 49.605621337891
		endloop
	endfacet
	facet normal 0.70027153406601 0.13871136627162 0.70027061586497
		outer loop
			vertex 7.8939919471741 1.9384676218033 49.399696350098
			vertex 8.2744131088257 2.6501851081848 48.878295898438
			vertex 7.5470886230469 2.6501851081848 49.605621337891
		endloop
	endfacet
	facet normal 0.67433277842128 0.30091826194007 0.67433189423132
		outer loop
			vertex 7.5470886230469 2.6501851081848 49.605621337891
			vertex 8.2744131088257 2.6501851081848 48.878295898438
			vertex 8.3426523208618 2.7778511047363 48.753086090088
		endloop
	endfacet
	facet normal 0.49614949061427 0.30049154181804 0.81457996308467
		outer loop
			vertex 5.1113448143005 2.6057407855988 51.10559463501
			vertex 7.5470886230469 2.6501851081848 49.605621337891
			vertex 5.3720779418945 5.3720779418945 49.926307678223
		endloop
	endfacet
	facet normal 0.55994704709629 0.35949503781569 0.74647345715306
		outer loop
			vertex 5.3720779418945 5.3720779418945 49.926307678223
			vertex 7.5470886230469 2.6501851081848 49.605621337891
			vertex 7.946385383606 5.4735655784607 47.946384429932
		endloop
	endfacet
	facet normal 0.67433164914851 0.3009219248408 0.67433138893778
		outer loop
			vertex 7.5470886230469 2.6501851081848 49.605621337891
			vertex 8.3426523208618 2.7778511047363 48.753086090088
			vertex 7.946385383606 5.4735655784607 47.946384429932
		endloop
	endfacet
	facet normal 0.67433104378462 0.30092200615166 0.67433195801623
		outer loop
			vertex 8.3426523208618 2.7778511047363 48.753086090088
			vertex 8.9644660949707 3.5355339050293 47.793155670166
			vertex 7.946385383606 5.4735655784607 47.946384429932
		endloop
	endfacet
	facet normal 0.67433040217372 0.30092160419223 0.67433277900055
		outer loop
			vertex 7.946385383606 5.4735655784607 47.946384429932
			vertex 8.9644660949707 3.5355339050293 47.793155670166
			vertex 9.0459995269775 3.6024465560913 47.681762695312
		endloop
	endfacet
	facet normal 0.74647341689306 0.35949536114818 0.55994689318269
		outer loop
			vertex 7.946385383606 5.4735655784607 47.946384429932
			vertex 9.0459995269775 3.6024465560913 47.681762695312
			vertex 9.7221488952637 4.1573481559753 46.424121856689
		endloop
	endfacet
	facet normal 0.74647313641229 0.35949221201093 0.55994928888095
		outer loop
			vertex 7.946385383606 5.4735655784607 47.946384429932
			vertex 9.7221488952637 4.1573481559753 46.424121856689
			vertex 9.7872934341431 4.1921682357788 46.314922332764
		endloop
	endfacet
	facet normal 0.51121276714073 0.51121276714073 0.69088567319393
		outer loop
			vertex 5.3720779418945 5.3720779418945 49.926307678223
			vertex 7.946385383606 5.4735655784607 47.946384429932
			vertex 5.4735655784607 7.946385383606 47.946384429932
		endloop
	endfacet
	facet normal 0.57735030630003 0.57735030630003 0.57735019496882
		outer loop
			vertex 5.4735655784607 7.946385383606 47.946384429932
			vertex 7.946385383606 5.4735655784607 47.946384429932
			vertex 7.946385383606 7.946385383606 45.473564147949
		endloop
	endfacet
	facet normal -0.70027097969021 -0.70027097969021 -0.13871232824597
		outer loop
			vertex -8.8388347625732 -8.8388347625732 -40
			vertex -9.6056222915649 -7.5470886230469 -42.650184631348
			vertex -7.5470886230469 -9.6056222915649 -42.650184631348
		endloop
	endfacet
	facet normal -0.8449656200399 -0.51791022122325 -0.13342452436888
		outer loop
			vertex -10.393370628357 -6.9446277618408 -40
			vertex -11.105596542358 -5.1113448143005 -42.605739593506
			vertex -9.6056222915649 -7.5470886230469 -42.650184631348
		endloop
	endfacet
	facet normal -0.81457963868657 -0.49614950595596 -0.30049239587205
		outer loop
			vertex -9.6056222915649 -7.5470886230469 -42.650184631348
			vertex -11.105596542358 -5.1113448143005 -42.605739593506
			vertex -9.926305770874 -5.3720779418945 -45.372077941895
		endloop
	endfacet
	facet normal -0.77019663657914 -0.63208418868967 -0.085245055051284
		outer loop
			vertex -8.8388347625732 -8.8388347625732 -40
			vertex -10.393370628357 -6.9446277618408 -40
			vertex -9.6056222915649 -7.5470886230469 -42.650184631348
		endloop
	endfacet
	facet normal -0.74647366710094 -0.55994656639219 -0.35949535061036
		outer loop
			vertex -9.6056222915649 -7.5470886230469 -42.650184631348
			vertex -9.926305770874 -5.3720779418945 -45.372077941895
			vertex -7.946385383606 -7.946385383606 -45.473564147949
		endloop
	endfacet
	facet normal -0.63208418868967 -0.77019663657914 -0.085245055051284
		outer loop
			vertex -8.8388347625732 -8.8388347625732 -40
			vertex -7.5470886230469 -9.6056222915649 -42.650184631348
			vertex -6.9446277618408 -10.393370628357 -40
		endloop
	endfacet
	facet normal -0.51791022122325 -0.8449656200399 -0.13342452436888
		outer loop
			vertex -7.5470886230469 -9.6056222915649 -42.650184631348
			vertex -5.1113448143005 -11.105596542358 -42.605739593506
			vertex -6.9446277618408 -10.393370628357 -40
		endloop
	endfacet
	facet normal -0.49614950595596 -0.81457963868657 -0.30049239587205
		outer loop
			vertex -7.5470886230469 -9.6056222915649 -42.650184631348
			vertex -5.3720779418945 -9.926305770874 -45.372077941895
			vertex -5.1113448143005 -11.105596542358 -42.605739593506
		endloop
	endfacet
	facet normal -0.55994656639219 -0.74647366710094 -0.35949535061036
		outer loop
			vertex -7.5470886230469 -9.6056222915649 -42.650184631348
			vertex -7.946385383606 -7.946385383606 -45.473564147949
			vertex -5.3720779418945 -9.926305770874 -45.372077941895
		endloop
	endfacet
	facet normal -0.67433147916816 -0.67433147916816 -0.30092210355135
		outer loop
			vertex -9.6056222915649 -7.5470886230469 -42.650184631348
			vertex -7.946385383606 -7.946385383606 -45.473564147949
			vertex -7.5470886230469 -9.6056222915649 -42.650184631348
		endloop
	endfacet
	facet normal -0.69088603412633 -0.51121257253592 -0.51121247395813
		outer loop
			vertex -7.946385383606 -7.946385383606 -45.473564147949
			vertex -9.926305770874 -5.3720779418945 -45.372077941895
			vertex -7.946385383606 -5.4735655784607 -47.946384429932
		endloop
	endfacet
	facet normal -0.51121257253592 -0.69088603412633 -0.51121247395813
		outer loop
			vertex -7.946385383606 -7.946385383606 -45.473564147949
			vertex -5.4735655784607 -7.946385383606 -47.946384429932
			vertex -5.3720779418945 -9.926305770874 -45.372077941895
		endloop
	endfacet
	facet normal -0.57735030630003 -0.57735030630003 -0.57735019496882
		outer loop
			vertex -7.946385383606 -7.946385383606 -45.473564147949
			vertex -7.946385383606 -5.4735655784607 -47.946384429932
			vertex -5.4735655784607 -7.946385383606 -47.946384429932
		endloop
	endfacet
	facet normal -0.51121276714073 -0.51121276714073 -0.69088567319393
		outer loop
			vertex -7.946385383606 -5.4735655784607 -47.946384429932
			vertex -5.3720779418945 -5.3720779418945 -49.926307678223
			vertex -5.4735655784607 -7.946385383606 -47.946384429932
		endloop
	endfacet
	facet normal -0.87832407996076 -0.46947376152581 -0.090228586378672
		outer loop
			vertex -10.393370628357 -6.9446277618408 -40
			vertex -11.489784240723 -4.8933811187744 -40
			vertex -11.42616558075 -4.8740820884705 -40.719707489014
		endloop
	endfacet
	facet normal -0.87832398151111 -0.46947386264763 -0.09022901857598
		outer loop
			vertex -10.393370628357 -6.9446277618408 -40
			vertex -11.42616558075 -4.8740820884705 -40.719707489014
			vertex -11.105596542358 -5.1113448143005 -42.605739593506
		endloop
	endfacet
	facet normal -0.94163655125875 -0.31432203620134 -0.12050835195859
		outer loop
			vertex -11.105596542358 -5.1113448143005 -42.605739593506
			vertex -11.42616558075 -4.8740820884705 -40.719707489014
			vertex -11.208034515381 -4.8079128265381 -42.596744537354
		endloop
	endfacet
	facet normal -0.90721563565819 -0.2974561269563 -0.29745527891343
		outer loop
			vertex -11.105596542358 -5.1113448143005 -42.605739593506
			vertex -11.208034515381 -4.8079128265381 -42.596744537354
			vertex -11.105596542358 -4.7768387794495 -42.940246582031
		endloop
	endfacet
	facet normal -0.87586331896839 -0.34122141666135 -0.3412204438443
		outer loop
			vertex -11.105596542358 -5.1113448143005 -42.605739593506
			vertex -11.105596542358 -4.7768387794495 -42.940246582031
			vertex -10.586583137512 -4.6193976402283 -44.429920196533
		endloop
	endfacet
	facet normal -0.87586384554715 -0.34122023410322 -0.34122027475211
		outer loop
			vertex -11.105596542358 -5.1113448143005 -42.605739593506
			vertex -10.586583137512 -4.6193976402283 -44.429920196533
			vertex -9.926305770874 -5.3720779418945 -45.372077941895
		endloop
	endfacet
	facet normal -0.87586383728868 -0.34122036828803 -0.34122016176558
		outer loop
			vertex -10.586583137512 -4.6193976402283 -44.429920196533
			vertex -10.310160636902 -4.4716467857361 -45.287208557129
			vertex -9.926305770874 -5.3720779418945 -45.372077941895
		endloop
	endfacet
	facet normal -0.81458029046266 -0.30049249048372 -0.49614837856499
		outer loop
			vertex -10.310160636902 -4.4716467857361 -45.287208557129
			vertex -9.7872934341431 -4.1921682357788 -46.314922332764
			vertex -9.926305770874 -5.3720779418945 -45.372077941895
		endloop
	endfacet
	facet normal -0.74647337741705 -0.35949634847909 -0.55994631192445
		outer loop
			vertex -9.926305770874 -5.3720779418945 -45.372077941895
			vertex -9.7872934341431 -4.1921682357788 -46.314922332764
			vertex -7.946385383606 -5.4735655784607 -47.946384429932
		endloop
	endfacet
	facet normal -0.74647313641229 -0.35949221201093 -0.55994928888095
		outer loop
			vertex -9.7872934341431 -4.1921682357788 -46.314922332764
			vertex -9.7221488952637 -4.1573481559753 -46.424121856689
			vertex -7.946385383606 -5.4735655784607 -47.946384429932
		endloop
	endfacet
	facet normal -0.74647341689306 -0.35949536114818 -0.55994689318269
		outer loop
			vertex -9.7221488952637 -4.1573481559753 -46.424121856689
			vertex -9.0459995269775 -3.6024465560913 -47.681762695312
			vertex -7.946385383606 -5.4735655784607 -47.946384429932
		endloop
	endfacet
	facet normal -0.67433040217372 -0.30092160419223 -0.67433277900055
		outer loop
			vertex -9.0459995269775 -3.6024465560913 -47.681762695312
			vertex -8.9644660949707 -3.5355339050293 -47.793155670166
			vertex -7.946385383606 -5.4735655784607 -47.946384429932
		endloop
	endfacet
	facet normal -0.67433104378462 -0.30092200615166 -0.67433195801623
		outer loop
			vertex -8.9644660949707 -3.5355339050293 -47.793155670166
			vertex -8.3426523208618 -2.7778511047363 -48.753086090088
			vertex -7.946385383606 -5.4735655784607 -47.946384429932
		endloop
	endfacet
	facet normal -0.67433164914851 -0.3009219248408 -0.67433138893778
		outer loop
			vertex -7.946385383606 -5.4735655784607 -47.946384429932
			vertex -8.3426523208618 -2.7778511047363 -48.753086090088
			vertex -7.5470886230469 -2.6501851081848 -49.605621337891
		endloop
	endfacet
	facet normal -0.55994704709629 -0.35949503781569 -0.74647345715306
		outer loop
			vertex -7.946385383606 -5.4735655784607 -47.946384429932
			vertex -7.5470886230469 -2.6501851081848 -49.605621337891
			vertex -5.3720779418945 -5.3720779418945 -49.926307678223
		endloop
	endfacet
	facet normal -0.49614949061427 -0.30049154181804 -0.81457996308467
		outer loop
			vertex -7.5470886230469 -2.6501851081848 -49.605621337891
			vertex -5.1113448143005 -2.6057407855988 -51.10559463501
			vertex -5.3720779418945 -5.3720779418945 -49.926307678223
		endloop
	endfacet
	facet normal -0.67433277842128 -0.30091826194007 -0.67433189423132
		outer loop
			vertex -8.3426523208618 -2.7778511047363 -48.753086090088
			vertex -8.2744131088257 -2.6501851081848 -48.878295898438
			vertex -7.5470886230469 -2.6501851081848 -49.605621337891
		endloop
	endfacet
	facet normal -0.70027153406601 -0.13871136627162 -0.70027061586497
		outer loop
			vertex -8.2744131088257 -2.6501851081848 -48.878295898438
			vertex -7.8939919471741 -1.9384676218033 -49.399696350098
			vertex -7.5470886230469 -2.6501851081848 -49.605621337891
		endloop
	endfacet
	facet normal -0.6321249156458 -0.085274069073581 -0.77015999906735
		outer loop
			vertex -7.5470886230469 -2.6501851081848 -49.605621337891
			vertex -7.8939919471741 -1.9384676218033 -49.399696350098
			vertex -7.8806023597717 -1.9134172201157 -49.413459777832
		endloop
	endfacet
	facet normal -0.63208210998954 -0.085244680750444 -0.77019838394723
		outer loop
			vertex -7.5470886230469 -2.6501851081848 -49.605621337891
			vertex -7.8806023597717 -1.9134172201157 -49.413459777832
			vertex -7.5960736274719 -0.97545158863068 -49.750778198242
		endloop
	endfacet
	facet normal -0.63208655706707 -0.085244496264993 -0.7701947547417
		outer loop
			vertex -7.5470886230469 -2.6501851081848 -49.605621337891
			vertex -7.5960736274719 -0.97545158863068 -49.750778198242
			vertex -6.9446277618408 7.6540422330873e-16 -50.393371582031
		endloop
	endfacet
	facet normal -0.63208541111088 -0.085245787015911 -0.77019555234812
		outer loop
			vertex -7.5960736274719 -0.97545158863068 -49.750778198242
			vertex -7.5 7.6540422330873e-16 -49.937587738037
			vertex -6.9446277618408 7.6540422330873e-16 -50.393371582031
		endloop
	endfacet
	facet normal -0.51790995394803 -0.13342518684736 -0.84496567925348
		outer loop
			vertex -7.5470886230469 -2.6501851081848 -49.605621337891
			vertex -6.9446277618408 7.6540422330873e-16 -50.393371582031
			vertex -5.1113448143005 -2.6057407855988 -51.10559463501
		endloop
	endfacet
	facet normal -0.46947376152581 -0.87832407996076 -0.090228586378672
		outer loop
			vertex -6.9446277618408 -10.393370628357 -40
			vertex -4.8740820884705 -11.42616558075 -40.719707489014
			vertex -4.8933811187744 -11.489784240723 -40
		endloop
	endfacet
	facet normal -0.46947386264763 -0.87832398151111 -0.09022901857598
		outer loop
			vertex -6.9446277618408 -10.393370628357 -40
			vertex -5.1113448143005 -11.105596542358 -42.605739593506
			vertex -4.8740820884705 -11.42616558075 -40.719707489014
		endloop
	endfacet
	facet normal -0.34122023410322 -0.87586384554715 -0.34122027475211
		outer loop
			vertex -5.1113448143005 -11.105596542358 -42.605739593506
			vertex -5.3720779418945 -9.926305770874 -45.372077941895
			vertex -4.6193976402283 -10.586583137512 -44.429920196533
		endloop
	endfacet
	facet normal -0.31432203620134 -0.94163655125875 -0.12050835195859
		outer loop
			vertex -5.1113448143005 -11.105596542358 -42.605739593506
			vertex -4.8079128265381 -11.208034515381 -42.596744537354
			vertex -4.8740820884705 -11.42616558075 -40.719707489014
		endloop
	endfacet
	facet normal -0.2974561269563 -0.90721563565819 -0.29745527891343
		outer loop
			vertex -5.1113448143005 -11.105596542358 -42.605739593506
			vertex -4.7768387794495 -11.105596542358 -42.940246582031
			vertex -4.8079128265381 -11.208034515381 -42.596744537354
		endloop
	endfacet
	facet normal -0.34122141666135 -0.87586331896839 -0.3412204438443
		outer loop
			vertex -5.1113448143005 -11.105596542358 -42.605739593506
			vertex -4.6193976402283 -10.586583137512 -44.429920196533
			vertex -4.7768387794495 -11.105596542358 -42.940246582031
		endloop
	endfacet
	facet normal -0.34122036828803 -0.87586383728868 -0.34122016176558
		outer loop
			vertex -4.6193976402283 -10.586583137512 -44.429920196533
			vertex -5.3720779418945 -9.926305770874 -45.372077941895
			vertex -4.4716467857361 -10.310160636902 -45.287208557129
		endloop
	endfacet
	facet normal -0.30049249048372 -0.81458029046266 -0.49614837856499
		outer loop
			vertex -4.4716467857361 -10.310160636902 -45.287208557129
			vertex -5.3720779418945 -9.926305770874 -45.372077941895
			vertex -4.1921682357788 -9.7872934341431 -46.314922332764
		endloop
	endfacet
	facet normal -0.35949634847909 -0.74647337741705 -0.55994631192445
		outer loop
			vertex -5.3720779418945 -9.926305770874 -45.372077941895
			vertex -5.4735655784607 -7.946385383606 -47.946384429932
			vertex -4.1921682357788 -9.7872934341431 -46.314922332764
		endloop
	endfacet
	facet normal -0.35949221201093 -0.74647313641229 -0.55994928888095
		outer loop
			vertex -4.1921682357788 -9.7872934341431 -46.314922332764
			vertex -5.4735655784607 -7.946385383606 -47.946384429932
			vertex -4.1573481559753 -9.7221488952637 -46.424121856689
		endloop
	endfacet
	facet normal -0.35949536114818 -0.74647341689306 -0.55994689318269
		outer loop
			vertex -4.1573481559753 -9.7221488952637 -46.424121856689
			vertex -5.4735655784607 -7.946385383606 -47.946384429932
			vertex -3.6024465560913 -9.0459995269775 -47.681762695312
		endloop
	endfacet
	facet normal -0.30092160419223 -0.67433040217372 -0.67433277900055
		outer loop
			vertex -3.6024465560913 -9.0459995269775 -47.681762695312
			vertex -5.4735655784607 -7.946385383606 -47.946384429932
			vertex -3.5355339050293 -8.9644660949707 -47.793155670166
		endloop
	endfacet
	facet normal -0.35949503781569 -0.55994704709629 -0.74647345715306
		outer loop
			vertex -5.4735655784607 -7.946385383606 -47.946384429932
			vertex -5.3720779418945 -5.3720779418945 -49.926307678223
			vertex -2.6501851081848 -7.5470886230469 -49.605621337891
		endloop
	endfacet
	facet normal -0.30092200615166 -0.67433104378462 -0.67433195801623
		outer loop
			vertex -3.5355339050293 -8.9644660949707 -47.793155670166
			vertex -5.4735655784607 -7.946385383606 -47.946384429932
			vertex -2.7778511047363 -8.3426523208618 -48.753086090088
		endloop
	endfacet
	facet normal -0.3009219248408 -0.67433164914851 -0.67433138893778
		outer loop
			vertex -5.4735655784607 -7.946385383606 -47.946384429932
			vertex -2.6501851081848 -7.5470886230469 -49.605621337891
			vertex -2.7778511047363 -8.3426523208618 -48.753086090088
		endloop
	endfacet
	facet normal -0.30049154181804 -0.49614949061427 -0.81457996308467
		outer loop
			vertex -2.6501851081848 -7.5470886230469 -49.605621337891
			vertex -5.3720779418945 -5.3720779418945 -49.926307678223
			vertex -2.6057407855988 -5.1113448143005 -51.10559463501
		endloop
	endfacet
	facet normal -0.30091826194007 -0.67433277842128 -0.67433189423132
		outer loop
			vertex -2.7778511047363 -8.3426523208618 -48.753086090088
			vertex -2.6501851081848 -7.5470886230469 -49.605621337891
			vertex -2.6501851081848 -8.2744131088257 -48.878295898438
		endloop
	endfacet
	facet normal -0.13871136627162 -0.70027153406601 -0.70027061586497
		outer loop
			vertex -2.6501851081848 -8.2744131088257 -48.878295898438
			vertex -2.6501851081848 -7.5470886230469 -49.605621337891
			vertex -1.9384676218033 -7.8939919471741 -49.399696350098
		endloop
	endfacet
	facet normal -0.085274069073581 -0.6321249156458 -0.77015999906735
		outer loop
			vertex -2.6501851081848 -7.5470886230469 -49.605621337891
			vertex -1.9134172201157 -7.8806023597717 -49.413459777832
			vertex -1.9384676218033 -7.8939919471741 -49.399696350098
		endloop
	endfacet
	facet normal -0.085244680750444 -0.63208210998954 -0.77019838394723
		outer loop
			vertex -2.6501851081848 -7.5470886230469 -49.605621337891
			vertex -0.97545158863068 -7.5960736274719 -49.750778198242
			vertex -1.9134172201157 -7.8806023597717 -49.413459777832
		endloop
	endfacet
	facet normal -0.13342518684736 -0.51790995394803 -0.84496567925348
		outer loop
			vertex -2.6501851081848 -7.5470886230469 -49.605621337891
			vertex -2.6057407855988 -5.1113448143005 -51.10559463501
			vertex 7.6540422330873e-16 -6.9446277618408 -50.393371582031
		endloop
	endfacet
	facet normal -0.085244496264993 -0.63208655706707 -0.7701947547417
		outer loop
			vertex -2.6501851081848 -7.5470886230469 -49.605621337891
			vertex 7.6540422330873e-16 -6.9446277618408 -50.393371582031
			vertex -0.97545158863068 -7.5960736274719 -49.750778198242
		endloop
	endfacet
	facet normal -0.085245787015911 -0.63208541111088 -0.77019555234812
		outer loop
			vertex -0.97545158863068 -7.5960736274719 -49.750778198242
			vertex 7.6540422330873e-16 -6.9446277618408 -50.393371582031
			vertex 0 -7.5 -49.937587738037
		endloop
	endfacet
	facet normal -0.34121952368297 -0.34121952368297 -0.87586441491542
		outer loop
			vertex -5.3720779418945 -5.3720779418945 -49.926307678223
			vertex -5.1113448143005 -2.6057407855988 -51.10559463501
			vertex -2.6057407855988 -5.1113448143005 -51.10559463501
		endloop
	endfacet
	facet normal -0.29745589651341 -0.29745589651341 -0.90721550871819
		outer loop
			vertex -5.1113448143005 -2.6057407855988 -51.10559463501
			vertex -2.5291841030121 -2.5291841030121 -51.97732925415
			vertex -2.6057407855988 -5.1113448143005 -51.10559463501
		endloop
	endfacet
	facet normal -0.46947298555163 -0.090229201581947 -0.87832443152808
		outer loop
			vertex -5.1113448143005 -2.6057407855988 -51.10559463501
			vertex -6.9446277618408 7.6540422330873e-16 -50.393371582031
			vertex -4.7835431098938 7.6540422330873e-16 -51.548492431641
		endloop
	endfacet
	facet normal -0.31432254801838 -0.12050823305717 -0.94163639562874
		outer loop
			vertex -5.1113448143005 -2.6057407855988 -51.10559463501
			vertex -4.7835431098938 7.6540422330873e-16 -51.548492431641
			vertex -2.5291841030121 -2.5291841030121 -51.97732925415
		endloop
	endfacet
	facet normal -0.28894309226014 -0.096041751372552 -0.9525165990304
		outer loop
			vertex -2.5291841030121 -2.5291841030121 -51.97732925415
			vertex -4.7835431098938 7.6540422330873e-16 -51.548492431641
			vertex -2.438628911972 7.6540422330873e-16 -52.259815216064
		endloop
	endfacet
	facet normal -0.12050823305717 -0.31432254801838 -0.94163639562874
		outer loop
			vertex -2.6057407855988 -5.1113448143005 -51.10559463501
			vertex -2.5291841030121 -2.5291841030121 -51.97732925415
			vertex 7.6540422330873e-16 -4.7835431098938 -51.548492431641
		endloop
	endfacet
	facet normal -0.090229201581947 -0.46947298555163 -0.87832443152808
		outer loop
			vertex -2.6057407855988 -5.1113448143005 -51.10559463501
			vertex 7.6540422330873e-16 -4.7835431098938 -51.548492431641
			vertex 7.6540422330873e-16 -6.9446277618408 -50.393371582031
		endloop
	endfacet
	facet normal -0.096041751372552 -0.28894309226014 -0.9525165990304
		outer loop
			vertex -2.5291841030121 -2.5291841030121 -51.97732925415
			vertex 7.6540422330873e-16 -2.438628911972 -52.259815216064
			vertex 7.6540422330873e-16 -4.7835431098938 -51.548492431641
		endloop
	endfacet
	facet normal -0.10659748493566 -0.10659748493566 -0.98857167287495
		outer loop
			vertex -2.5291841030121 -2.5291841030121 -51.97732925415
			vertex -2.438628911972 7.6540422330873e-16 -52.259815216064
			vertex 7.6540422330873e-16 -2.438628911972 -52.259815216064
		endloop
	endfacet
	facet normal -0.097549981879038 -0.097549981879038 -0.99043828786593
		outer loop
			vertex -2.438628911972 7.6540422330873e-16 -52.259815216064
			vertex 7.6540422330873e-16 7.6540422330873e-16 -52.5
			vertex 7.6540422330873e-16 -2.438628911972 -52.259815216064
		endloop
	endfacet
	facet normal -0.94163655125875 0.31432203620134 -0.12050835195859
		outer loop
			vertex -11.208034515381 4.8079128265381 -42.596744537354
			vertex -11.42616558075 4.8740820884705 -40.719707489014
			vertex -11.105596542358 5.1113448143005 -42.605739593506
		endloop
	endfacet
	facet normal -0.90721563565819 0.2974561269563 -0.29745527891343
		outer loop
			vertex -11.105596542358 4.7768387794495 -42.940246582031
			vertex -11.208034515381 4.8079128265381 -42.596744537354
			vertex -11.105596542358 5.1113448143005 -42.605739593506
		endloop
	endfacet
	facet normal -0.87586331896839 0.34122141666135 -0.3412204438443
		outer loop
			vertex -11.105596542358 4.7768387794495 -42.940246582031
			vertex -11.105596542358 5.1113448143005 -42.605739593506
			vertex -10.586583137512 4.6193976402283 -44.429920196533
		endloop
	endfacet
	facet normal -0.87832407996076 0.46947376152581 -0.090228586378672
		outer loop
			vertex -11.42616558075 4.8740820884705 -40.719707489014
			vertex -11.489784240723 4.8933811187744 -40
			vertex -10.393370628357 6.9446277618408 -40
		endloop
	endfacet
	facet normal -0.87832398151111 0.46947386264763 -0.09022901857598
		outer loop
			vertex -11.42616558075 4.8740820884705 -40.719707489014
			vertex -10.393370628357 6.9446277618408 -40
			vertex -11.105596542358 5.1113448143005 -42.605739593506
		endloop
	endfacet
	facet normal -0.87586383728868 0.34122036828803 -0.34122016176558
		outer loop
			vertex -10.586583137512 4.6193976402283 -44.429920196533
			vertex -9.926305770874 5.3720779418945 -45.372077941895
			vertex -10.310160636902 4.4716467857361 -45.287208557129
		endloop
	endfacet
	facet normal -0.87586384554715 0.34122023410322 -0.34122027475211
		outer loop
			vertex -11.105596542358 5.1113448143005 -42.605739593506
			vertex -9.926305770874 5.3720779418945 -45.372077941895
			vertex -10.586583137512 4.6193976402283 -44.429920196533
		endloop
	endfacet
	facet normal -0.67433040217372 0.30092160419223 -0.67433277900055
		outer loop
			vertex -8.9644660949707 3.5355339050293 -47.793155670166
			vertex -9.0459995269775 3.6024465560913 -47.681762695312
			vertex -7.946385383606 5.4735655784607 -47.946384429932
		endloop
	endfacet
	facet normal -0.81458029046266 0.30049249048372 -0.49614837856499
		outer loop
			vertex -10.310160636902 4.4716467857361 -45.287208557129
			vertex -9.926305770874 5.3720779418945 -45.372077941895
			vertex -9.7872934341431 4.1921682357788 -46.314922332764
		endloop
	endfacet
	facet normal -0.74647313641229 0.35949221201093 -0.55994928888095
		outer loop
			vertex -9.7872934341431 4.1921682357788 -46.314922332764
			vertex -7.946385383606 5.4735655784607 -47.946384429932
			vertex -9.7221488952637 4.1573481559753 -46.424121856689
		endloop
	endfacet
	facet normal -0.74647337741705 0.35949634847909 -0.55994631192445
		outer loop
			vertex -9.7872934341431 4.1921682357788 -46.314922332764
			vertex -9.926305770874 5.3720779418945 -45.372077941895
			vertex -7.946385383606 5.4735655784607 -47.946384429932
		endloop
	endfacet
	facet normal -0.74647341689306 0.35949536114818 -0.55994689318269
		outer loop
			vertex -9.7221488952637 4.1573481559753 -46.424121856689
			vertex -7.946385383606 5.4735655784607 -47.946384429932
			vertex -9.0459995269775 3.6024465560913 -47.681762695312
		endloop
	endfacet
	facet normal -0.63208541111088 0.085245787015911 -0.77019555234812
		outer loop
			vertex -7.5 7.6540422330873e-16 -49.937587738037
			vertex -7.5960736274719 0.97545158863068 -49.750778198242
			vertex -6.9446277618408 7.6540422330873e-16 -50.393371582031
		endloop
	endfacet
	facet normal -0.63208655706707 0.085244496264993 -0.7701947547417
		outer loop
			vertex -7.5960736274719 0.97545158863068 -49.750778198242
			vertex -7.5470886230469 2.6501851081848 -49.605621337891
			vertex -6.9446277618408 7.6540422330873e-16 -50.393371582031
		endloop
	endfacet
	facet normal -0.70027153406601 0.13871136627162 -0.70027061586497
		outer loop
			vertex -8.2744131088257 2.6501851081848 -48.878295898438
			vertex -7.5470886230469 2.6501851081848 -49.605621337891
			vertex -7.8939919471741 1.9384676218033 -49.399696350098
		endloop
	endfacet
	facet normal -0.67433277842128 0.30091826194007 -0.67433189423132
		outer loop
			vertex -8.2744131088257 2.6501851081848 -48.878295898438
			vertex -8.3426523208618 2.7778511047363 -48.753086090088
			vertex -7.5470886230469 2.6501851081848 -49.605621337891
		endloop
	endfacet
	facet normal -0.63208210998954 0.085244680750444 -0.77019838394723
		outer loop
			vertex -7.5960736274719 0.97545158863068 -49.750778198242
			vertex -7.8806023597717 1.9134172201157 -49.413459777832
			vertex -7.5470886230469 2.6501851081848 -49.605621337891
		endloop
	endfacet
	facet normal -0.6321249156458 0.085274069073581 -0.77015999906735
		outer loop
			vertex -7.8806023597717 1.9134172201157 -49.413459777832
			vertex -7.8939919471741 1.9384676218033 -49.399696350098
			vertex -7.5470886230469 2.6501851081848 -49.605621337891
		endloop
	endfacet
	facet normal -0.51790995394803 0.13342518684736 -0.84496567925348
		outer loop
			vertex -7.5470886230469 2.6501851081848 -49.605621337891
			vertex -5.1113448143005 2.6057407855988 -51.10559463501
			vertex -6.9446277618408 7.6540422330873e-16 -50.393371582031
		endloop
	endfacet
	facet normal -0.67433104378462 0.30092200615166 -0.67433195801623
		outer loop
			vertex -8.9644660949707 3.5355339050293 -47.793155670166
			vertex -7.946385383606 5.4735655784607 -47.946384429932
			vertex -8.3426523208618 2.7778511047363 -48.753086090088
		endloop
	endfacet
	facet normal -0.67433164914851 0.3009219248408 -0.67433138893778
		outer loop
			vertex -8.3426523208618 2.7778511047363 -48.753086090088
			vertex -7.946385383606 5.4735655784607 -47.946384429932
			vertex -7.5470886230469 2.6501851081848 -49.605621337891
		endloop
	endfacet
	facet normal -0.49614949061427 0.30049154181804 -0.81457996308467
		outer loop
			vertex -7.5470886230469 2.6501851081848 -49.605621337891
			vertex -5.3720779418945 5.3720779418945 -49.926307678223
			vertex -5.1113448143005 2.6057407855988 -51.10559463501
		endloop
	endfacet
	facet normal -0.55994704709629 0.35949503781569 -0.74647345715306
		outer loop
			vertex -7.5470886230469 2.6501851081848 -49.605621337891
			vertex -7.946385383606 5.4735655784607 -47.946384429932
			vertex -5.3720779418945 5.3720779418945 -49.926307678223
		endloop
	endfacet
	facet normal -0.81457963868657 0.49614950595596 -0.30049239587205
		outer loop
			vertex -11.105596542358 5.1113448143005 -42.605739593506
			vertex -9.6056222915649 7.5470886230469 -42.650184631348
			vertex -9.926305770874 5.3720779418945 -45.372077941895
		endloop
	endfacet
	facet normal -0.8449656200399 0.51791022122325 -0.13342452436888
		outer loop
			vertex -11.105596542358 5.1113448143005 -42.605739593506
			vertex -10.393370628357 6.9446277618408 -40
			vertex -9.6056222915649 7.5470886230469 -42.650184631348
		endloop
	endfacet
	facet normal -0.74647366710094 0.55994656639219 -0.35949535061036
		outer loop
			vertex -9.926305770874 5.3720779418945 -45.372077941895
			vertex -9.6056222915649 7.5470886230469 -42.650184631348
			vertex -7.946385383606 7.946385383606 -45.473564147949
		endloop
	endfacet
	facet normal -0.77019663657914 0.63208418868967 -0.085245055051284
		outer loop
			vertex -10.393370628357 6.9446277618408 -40
			vertex -8.8388347625732 8.8388347625732 -40
			vertex -9.6056222915649 7.5470886230469 -42.650184631348
		endloop
	endfacet
	facet normal -0.70027097969021 0.70027097969021 -0.13871232824597
		outer loop
			vertex -9.6056222915649 7.5470886230469 -42.650184631348
			vertex -8.8388347625732 8.8388347625732 -40
			vertex -7.5470886230469 9.6056222915649 -42.650184631348
		endloop
	endfacet
	facet normal -0.69088603412633 0.51121257253592 -0.51121247395813
		outer loop
			vertex -9.926305770874 5.3720779418945 -45.372077941895
			vertex -7.946385383606 7.946385383606 -45.473564147949
			vertex -7.946385383606 5.4735655784607 -47.946384429932
		endloop
	endfacet
	facet normal -0.67433147916816 0.67433147916816 -0.30092210355135
		outer loop
			vertex -9.6056222915649 7.5470886230469 -42.650184631348
			vertex -7.5470886230469 9.6056222915649 -42.650184631348
			vertex -7.946385383606 7.946385383606 -45.473564147949
		endloop
	endfacet
	facet normal -0.57735030630003 0.57735030630003 -0.57735019496882
		outer loop
			vertex -7.946385383606 5.4735655784607 -47.946384429932
			vertex -7.946385383606 7.946385383606 -45.473564147949
			vertex -5.4735655784607 7.946385383606 -47.946384429932
		endloop
	endfacet
	facet normal -0.51121276714073 0.51121276714073 -0.69088567319393
		outer loop
			vertex -7.946385383606 5.4735655784607 -47.946384429932
			vertex -5.4735655784607 7.946385383606 -47.946384429932
			vertex -5.3720779418945 5.3720779418945 -49.926307678223
		endloop
	endfacet
	facet normal -0.51121257253592 0.69088603412633 -0.51121247395813
		outer loop
			vertex -7.946385383606 7.946385383606 -45.473564147949
			vertex -5.3720779418945 9.926305770874 -45.372077941895
			vertex -5.4735655784607 7.946385383606 -47.946384429932
		endloop
	endfacet
	facet normal -0.63208418868967 0.77019663657914 -0.085245055051284
		outer loop
			vertex -8.8388347625732 8.8388347625732 -40
			vertex -6.9446277618408 10.393370628357 -40
			vertex -7.5470886230469 9.6056222915649 -42.650184631348
		endloop
	endfacet
	facet normal -0.55994656639219 0.74647366710094 -0.35949535061036
		outer loop
			vertex -7.946385383606 7.946385383606 -45.473564147949
			vertex -7.5470886230469 9.6056222915649 -42.650184631348
			vertex -5.3720779418945 9.926305770874 -45.372077941895
		endloop
	endfacet
	facet normal -0.51791022122325 0.8449656200399 -0.13342452436888
		outer loop
			vertex -7.5470886230469 9.6056222915649 -42.650184631348
			vertex -6.9446277618408 10.393370628357 -40
			vertex -5.1113448143005 11.105596542358 -42.605739593506
		endloop
	endfacet
	facet normal -0.49614950595596 0.81457963868657 -0.30049239587205
		outer loop
			vertex -7.5470886230469 9.6056222915649 -42.650184631348
			vertex -5.1113448143005 11.105596542358 -42.605739593506
			vertex -5.3720779418945 9.926305770874 -45.372077941895
		endloop
	endfacet
	facet normal -0.46947298555163 0.090229201581947 -0.87832443152808
		outer loop
			vertex -6.9446277618408 7.6540422330873e-16 -50.393371582031
			vertex -5.1113448143005 2.6057407855988 -51.10559463501
			vertex -4.7835431098938 7.6540422330873e-16 -51.548492431641
		endloop
	endfacet
	facet normal -0.28894309226014 0.096041751372552 -0.9525165990304
		outer loop
			vertex -4.7835431098938 7.6540422330873e-16 -51.548492431641
			vertex -2.5291841030121 2.5291841030121 -51.97732925415
			vertex -2.438628911972 7.6540422330873e-16 -52.259815216064
		endloop
	endfacet
	facet normal -0.31432254801838 0.12050823305717 -0.94163639562873
		outer loop
			vertex -4.7835431098938 7.6540422330873e-16 -51.548492431641
			vertex -5.1113448143005 2.6057407855988 -51.10559463501
			vertex -2.5291841030121 2.5291841030121 -51.97732925415
		endloop
	endfacet
	facet normal -0.34121952368297 0.34121952368297 -0.87586441491542
		outer loop
			vertex -5.1113448143005 2.6057407855988 -51.10559463501
			vertex -5.3720779418945 5.3720779418945 -49.926307678223
			vertex -2.6057407855988 5.1113448143005 -51.10559463501
		endloop
	endfacet
	facet normal -0.29745589651341 0.29745589651341 -0.90721550871819
		outer loop
			vertex -5.1113448143005 2.6057407855988 -51.10559463501
			vertex -2.6057407855988 5.1113448143005 -51.10559463501
			vertex -2.5291841030121 2.5291841030121 -51.97732925415
		endloop
	endfacet
	facet normal -0.10659748493566 0.10659748493566 -0.98857167287495
		outer loop
			vertex -2.438628911972 7.6540422330873e-16 -52.259815216064
			vertex -2.5291841030121 2.5291841030121 -51.97732925415
			vertex 7.6540422330873e-16 2.438628911972 -52.259815216064
		endloop
	endfacet
	facet normal -0.097549981879038 0.097549981879038 -0.99043828786593
		outer loop
			vertex -2.438628911972 7.6540422330873e-16 -52.259815216064
			vertex 7.6540422330873e-16 2.438628911972 -52.259815216064
			vertex 7.6540422330873e-16 7.6540422330873e-16 -52.5
		endloop
	endfacet
	facet normal -0.12050823305717 0.31432254801838 -0.94163639562874
		outer loop
			vertex -2.5291841030121 2.5291841030121 -51.97732925415
			vertex -2.6057407855988 5.1113448143005 -51.10559463501
			vertex 7.6540422330873e-16 4.7835431098938 -51.548492431641
		endloop
	endfacet
	facet normal -0.096041751372552 0.28894309226014 -0.9525165990304
		outer loop
			vertex -2.5291841030121 2.5291841030121 -51.97732925415
			vertex 7.6540422330873e-16 4.7835431098938 -51.548492431641
			vertex 7.6540422330873e-16 2.438628911972 -52.259815216064
		endloop
	endfacet
	facet normal -0.090229201581947 0.46947298555163 -0.87832443152808
		outer loop
			vertex -2.6057407855988 5.1113448143005 -51.10559463501
			vertex 7.6540422330873e-16 6.9446277618408 -50.393371582031
			vertex 7.6540422330873e-16 4.7835431098938 -51.548492431641
		endloop
	endfacet
	facet normal -0.35949503781569 0.55994704709629 -0.74647345715306
		outer loop
			vertex -5.3720779418945 5.3720779418945 -49.926307678223
			vertex -5.4735655784607 7.946385383606 -47.946384429932
			vertex -2.6501851081848 7.5470886230469 -49.605621337891
		endloop
	endfacet
	facet normal -0.30049154181804 0.49614949061427 -0.81457996308467
		outer loop
			vertex -5.3720779418945 5.3720779418945 -49.926307678223
			vertex -2.6501851081848 7.5470886230469 -49.605621337891
			vertex -2.6057407855988 5.1113448143005 -51.10559463501
		endloop
	endfacet
	facet normal -0.3009219248408 0.67433164914851 -0.67433138893778
		outer loop
			vertex -5.4735655784607 7.946385383606 -47.946384429932
			vertex -2.7778511047363 8.3426523208618 -48.753086090088
			vertex -2.6501851081848 7.5470886230469 -49.605621337891
		endloop
	endfacet
	facet normal -0.30092200615166 0.67433104378462 -0.67433195801623
		outer loop
			vertex -5.4735655784607 7.946385383606 -47.946384429932
			vertex -3.5355339050293 8.9644660949707 -47.793155670166
			vertex -2.7778511047363 8.3426523208618 -48.753086090088
		endloop
	endfacet
	facet normal -0.35949634847909 0.74647337741705 -0.55994631192445
		outer loop
			vertex -5.4735655784607 7.946385383606 -47.946384429932
			vertex -5.3720779418945 9.926305770874 -45.372077941895
			vertex -4.1921682357788 9.7872934341431 -46.314922332764
		endloop
	endfacet
	facet normal -0.35949536114818 0.74647341689306 -0.55994689318269
		outer loop
			vertex -5.4735655784607 7.946385383606 -47.946384429932
			vertex -4.1573481559753 9.7221488952637 -46.424121856689
			vertex -3.6024465560913 9.0459995269775 -47.681762695312
		endloop
	endfacet
	facet normal -0.35949221201093 0.74647313641229 -0.55994928888095
		outer loop
			vertex -5.4735655784607 7.946385383606 -47.946384429932
			vertex -4.1921682357788 9.7872934341431 -46.314922332764
			vertex -4.1573481559753 9.7221488952637 -46.424121856689
		endloop
	endfacet
	facet normal -0.30049249048372 0.81458029046266 -0.49614837856499
		outer loop
			vertex -5.3720779418945 9.926305770874 -45.372077941895
			vertex -4.4716467857361 10.310160636902 -45.287208557129
			vertex -4.1921682357788 9.7872934341431 -46.314922332764
		endloop
	endfacet
	facet normal -0.34122023410322 0.87586384554715 -0.34122027475211
		outer loop
			vertex -5.3720779418945 9.926305770874 -45.372077941895
			vertex -5.1113448143005 11.105596542358 -42.605739593506
			vertex -4.6193976402283 10.586583137512 -44.429920196533
		endloop
	endfacet
	facet normal -0.46947386264763 0.87832398151111 -0.09022901857598
		outer loop
			vertex -6.9446277618408 10.393370628357 -40
			vertex -4.8740820884705 11.42616558075 -40.719707489014
			vertex -5.1113448143005 11.105596542358 -42.605739593506
		endloop
	endfacet
	facet normal -0.46947376152581 0.87832407996076 -0.090228586378672
		outer loop
			vertex -6.9446277618408 10.393370628357 -40
			vertex -4.8933811187744 11.489784240723 -40
			vertex -4.8740820884705 11.42616558075 -40.719707489014
		endloop
	endfacet
	facet normal -0.34122036828803 0.87586383728868 -0.34122016176558
		outer loop
			vertex -5.3720779418945 9.926305770874 -45.372077941895
			vertex -4.6193976402283 10.586583137512 -44.429920196533
			vertex -4.4716467857361 10.310160636902 -45.287208557129
		endloop
	endfacet
	facet normal -0.34122141666135 0.87586331896839 -0.3412204438443
		outer loop
			vertex -5.1113448143005 11.105596542358 -42.605739593506
			vertex -4.7768387794495 11.105596542358 -42.940246582031
			vertex -4.6193976402283 10.586583137512 -44.429920196533
		endloop
	endfacet
	facet normal -0.2974561269563 0.90721563565819 -0.29745527891343
		outer loop
			vertex -5.1113448143005 11.105596542358 -42.605739593506
			vertex -4.8079128265381 11.208034515381 -42.596744537354
			vertex -4.7768387794495 11.105596542358 -42.940246582031
		endloop
	endfacet
	facet normal -0.31432203620134 0.94163655125875 -0.12050835195859
		outer loop
			vertex -5.1113448143005 11.105596542358 -42.605739593506
			vertex -4.8740820884705 11.42616558075 -40.719707489014
			vertex -4.8079128265381 11.208034515381 -42.596744537354
		endloop
	endfacet
	facet normal -0.30092160419223 0.67433040217372 -0.67433277900055
		outer loop
			vertex -5.4735655784607 7.946385383606 -47.946384429932
			vertex -3.6024465560913 9.0459995269775 -47.681762695312
			vertex -3.5355339050293 8.9644660949707 -47.793155670166
		endloop
	endfacet
	facet normal -0.13342518684736 0.51790995394803 -0.84496567925348
		outer loop
			vertex -2.6057407855988 5.1113448143005 -51.10559463501
			vertex -2.6501851081848 7.5470886230469 -49.605621337891
			vertex 7.6540422330873e-16 6.9446277618408 -50.393371582031
		endloop
	endfacet
	facet normal -0.085274069073581 0.6321249156458 -0.77015999906735
		outer loop
			vertex -2.6501851081848 7.5470886230469 -49.605621337891
			vertex -1.9384676218033 7.8939919471741 -49.399696350098
			vertex -1.9134172201157 7.8806023597717 -49.413459777832
		endloop
	endfacet
	facet normal -0.30091826194007 0.67433277842128 -0.67433189423132
		outer loop
			vertex -2.6501851081848 7.5470886230469 -49.605621337891
			vertex -2.7778511047363 8.3426523208618 -48.753086090088
			vertex -2.6501851081848 8.2744131088257 -48.878295898438
		endloop
	endfacet
	facet normal -0.13871136627162 0.70027153406601 -0.70027061586497
		outer loop
			vertex -2.6501851081848 7.5470886230469 -49.605621337891
			vertex -2.6501851081848 8.2744131088257 -48.878295898438
			vertex -1.9384676218033 7.8939919471741 -49.399696350098
		endloop
	endfacet
	facet normal -0.085244680750444 0.63208210998954 -0.77019838394723
		outer loop
			vertex -2.6501851081848 7.5470886230469 -49.605621337891
			vertex -1.9134172201157 7.8806023597717 -49.413459777832
			vertex -0.97545158863068 7.5960736274719 -49.750778198242
		endloop
	endfacet
	facet normal -0.085244496264993 0.63208655706707 -0.7701947547417
		outer loop
			vertex -2.6501851081848 7.5470886230469 -49.605621337891
			vertex -0.97545158863068 7.5960736274719 -49.750778198242
			vertex 7.6540422330873e-16 6.9446277618408 -50.393371582031
		endloop
	endfacet
	facet normal -0.085245787015911 0.63208541111088 -0.77019555234812
		outer loop
			vertex -0.97545158863068 7.5960736274719 -49.750778198242
			vertex 7.6540422330873e-16 7.5 -49.937587738037
			vertex 7.6540422330873e-16 6.9446277618408 -50.393371582031
		endloop
	endfacet
	facet normal 0.085245787015911 -0.63208541111088 -0.77019555234812
		outer loop
			vertex 0 -7.5 -49.937587738037
			vertex 7.6540422330873e-16 -6.9446277618408 -50.393371582031
			vertex 0.97545158863068 -7.5960736274719 -49.750778198242
		endloop
	endfacet
	facet normal 0.085244496264993 -0.63208655706707 -0.7701947547417
		outer loop
			vertex 0.97545158863068 -7.5960736274719 -49.750778198242
			vertex 7.6540422330873e-16 -6.9446277618408 -50.393371582031
			vertex 2.6501851081848 -7.5470886230469 -49.605621337891
		endloop
	endfacet
	facet normal 0.085244680750444 -0.63208210998954 -0.77019838394723
		outer loop
			vertex 0.97545158863068 -7.5960736274719 -49.750778198242
			vertex 2.6501851081848 -7.5470886230469 -49.605621337891
			vertex 1.9134172201157 -7.8806023597717 -49.413459777832
		endloop
	endfacet
	facet normal 0.13871136627162 -0.70027153406601 -0.70027061586497
		outer loop
			vertex 1.9384676218033 -7.8939919471741 -49.399696350098
			vertex 2.6501851081848 -7.5470886230469 -49.605621337891
			vertex 2.6501851081848 -8.2744131088257 -48.878295898438
		endloop
	endfacet
	facet normal 0.30091826194007 -0.67433277842128 -0.67433189423132
		outer loop
			vertex 2.6501851081848 -8.2744131088257 -48.878295898438
			vertex 2.6501851081848 -7.5470886230469 -49.605621337891
			vertex 2.7778511047363 -8.3426523208618 -48.753086090088
		endloop
	endfacet
	facet normal 0.085274069073581 -0.6321249156458 -0.77015999906735
		outer loop
			vertex 1.9134172201157 -7.8806023597717 -49.413459777832
			vertex 2.6501851081848 -7.5470886230469 -49.605621337891
			vertex 1.9384676218033 -7.8939919471741 -49.399696350098
		endloop
	endfacet
	facet normal 0.13342518684736 -0.51790995394803 -0.84496567925348
		outer loop
			vertex 7.6540422330873e-16 -6.9446277618408 -50.393371582031
			vertex 2.6057407855988 -5.1113448143005 -51.10559463501
			vertex 2.6501851081848 -7.5470886230469 -49.605621337891
		endloop
	endfacet
	facet normal 0.30092160419223 -0.67433040217372 -0.67433277900055
		outer loop
			vertex 3.5355339050293 -8.9644660949707 -47.793155670166
			vertex 5.4735655784607 -7.946385383606 -47.946384429932
			vertex 3.6024465560913 -9.0459995269775 -47.681762695312
		endloop
	endfacet
	facet normal 0.31432203620134 -0.94163655125875 -0.12050835195859
		outer loop
			vertex 4.8079128265381 -11.208034515381 -42.596744537354
			vertex 5.1113448143005 -11.105596542358 -42.605739593506
			vertex 4.8740820884705 -11.42616558075 -40.719707489014
		endloop
	endfacet
	facet normal 0.2974561269563 -0.90721563565819 -0.29745527891343
		outer loop
			vertex 4.7768387794495 -11.105596542358 -42.940246582031
			vertex 5.1113448143005 -11.105596542358 -42.605739593506
			vertex 4.8079128265381 -11.208034515381 -42.596744537354
		endloop
	endfacet
	facet normal 0.34122141666135 -0.87586331896839 -0.3412204438443
		outer loop
			vertex 4.7768387794495 -11.105596542358 -42.940246582031
			vertex 4.6193976402283 -10.586583137512 -44.429920196533
			vertex 5.1113448143005 -11.105596542358 -42.605739593506
		endloop
	endfacet
	facet normal 0.34122036828803 -0.87586383728868 -0.34122016176558
		outer loop
			vertex 4.6193976402283 -10.586583137512 -44.429920196533
			vertex 4.4716467857361 -10.310160636902 -45.287208557129
			vertex 5.3720779418945 -9.926305770874 -45.372077941895
		endloop
	endfacet
	facet normal 0.46947376152581 -0.87832407996076 -0.090228586378672
		outer loop
			vertex 4.8740820884705 -11.42616558075 -40.719707489014
			vertex 6.9446277618408 -10.393370628357 -40
			vertex 4.8933811187744 -11.489784240723 -40
		endloop
	endfacet
	facet normal 0.46947386264763 -0.87832398151111 -0.09022901857598
		outer loop
			vertex 4.8740820884705 -11.42616558075 -40.719707489014
			vertex 5.1113448143005 -11.105596542358 -42.605739593506
			vertex 6.9446277618408 -10.393370628357 -40
		endloop
	endfacet
	facet normal 0.34122023410322 -0.87586384554715 -0.34122027475211
		outer loop
			vertex 4.6193976402283 -10.586583137512 -44.429920196533
			vertex 5.3720779418945 -9.926305770874 -45.372077941895
			vertex 5.1113448143005 -11.105596542358 -42.605739593506
		endloop
	endfacet
	facet normal 0.30049249048372 -0.81458029046266 -0.49614837856499
		outer loop
			vertex 4.1921682357788 -9.7872934341431 -46.314922332764
			vertex 5.3720779418945 -9.926305770874 -45.372077941895
			vertex 4.4716467857361 -10.310160636902 -45.287208557129
		endloop
	endfacet
	facet normal 0.35949221201093 -0.74647313641229 -0.55994928888095
		outer loop
			vertex 4.1921682357788 -9.7872934341431 -46.314922332764
			vertex 4.1573481559753 -9.7221488952637 -46.424121856689
			vertex 5.4735655784607 -7.946385383606 -47.946384429932
		endloop
	endfacet
	facet normal 0.35949536114818 -0.74647341689306 -0.55994689318269
		outer loop
			vertex 4.1573481559753 -9.7221488952637 -46.424121856689
			vertex 3.6024465560913 -9.0459995269775 -47.681762695312
			vertex 5.4735655784607 -7.946385383606 -47.946384429932
		endloop
	endfacet
	facet normal 0.35949634847909 -0.74647337741705 -0.55994631192445
		outer loop
			vertex 4.1921682357788 -9.7872934341431 -46.314922332764
			vertex 5.4735655784607 -7.946385383606 -47.946384429932
			vertex 5.3720779418945 -9.926305770874 -45.372077941895
		endloop
	endfacet
	facet normal 0.30092200615166 -0.67433104378462 -0.67433195801623
		outer loop
			vertex 2.7778511047363 -8.3426523208618 -48.753086090088
			vertex 5.4735655784607 -7.946385383606 -47.946384429932
			vertex 3.5355339050293 -8.9644660949707 -47.793155670166
		endloop
	endfacet
	facet normal 0.3009219248408 -0.67433164914851 -0.67433138893778
		outer loop
			vertex 2.7778511047363 -8.3426523208618 -48.753086090088
			vertex 2.6501851081848 -7.5470886230469 -49.605621337891
			vertex 5.4735655784607 -7.946385383606 -47.946384429932
		endloop
	endfacet
	facet normal 0.30049154181804 -0.49614949061427 -0.81457996308467
		outer loop
			vertex 2.6501851081848 -7.5470886230469 -49.605621337891
			vertex 2.6057407855988 -5.1113448143005 -51.10559463501
			vertex 5.3720779418945 -5.3720779418945 -49.926307678223
		endloop
	endfacet
	facet normal 0.35949503781569 -0.55994704709629 -0.74647345715306
		outer loop
			vertex 2.6501851081848 -7.5470886230469 -49.605621337891
			vertex 5.3720779418945 -5.3720779418945 -49.926307678223
			vertex 5.4735655784607 -7.946385383606 -47.946384429932
		endloop
	endfacet
	facet normal 0.090229201581947 -0.46947298555163 -0.87832443152808
		outer loop
			vertex 7.6540422330873e-16 -6.9446277618408 -50.393371582031
			vertex 7.6540422330873e-16 -4.7835431098938 -51.548492431641
			vertex 2.6057407855988 -5.1113448143005 -51.10559463501
		endloop
	endfacet
	facet normal 0.096041751372552 -0.28894309226014 -0.9525165990304
		outer loop
			vertex 7.6540422330873e-16 -4.7835431098938 -51.548492431641
			vertex 7.6540422330873e-16 -2.438628911972 -52.259815216064
			vertex 2.5291841030121 -2.5291841030121 -51.97732925415
		endloop
	endfacet
	facet normal 0.12050823305717 -0.31432254801838 -0.94163639562873
		outer loop
			vertex 7.6540422330873e-16 -4.7835431098938 -51.548492431641
			vertex 2.5291841030121 -2.5291841030121 -51.97732925415
			vertex 2.6057407855988 -5.1113448143005 -51.10559463501
		endloop
	endfacet
	facet normal 0.097549981879038 -0.097549981879038 -0.99043828786593
		outer loop
			vertex 7.6540422330873e-16 -2.438628911972 -52.259815216064
			vertex 7.6540422330873e-16 7.6540422330873e-16 -52.5
			vertex 2.438628911972 7.6540422330873e-16 -52.259815216064
		endloop
	endfacet
	facet normal 0.10659748493566 -0.10659748493566 -0.98857167287495
		outer loop
			vertex 7.6540422330873e-16 -2.438628911972 -52.259815216064
			vertex 2.438628911972 7.6540422330873e-16 -52.259815216064
			vertex 2.5291841030121 -2.5291841030121 -51.97732925415
		endloop
	endfacet
	facet normal 0.29745589651341 -0.29745589651341 -0.90721550871819
		outer loop
			vertex 2.6057407855988 -5.1113448143005 -51.10559463501
			vertex 2.5291841030121 -2.5291841030121 -51.97732925415
			vertex 5.1113448143005 -2.6057407855988 -51.10559463501
		endloop
	endfacet
	facet normal 0.34121952368297 -0.34121952368297 -0.87586441491542
		outer loop
			vertex 2.6057407855988 -5.1113448143005 -51.10559463501
			vertex 5.1113448143005 -2.6057407855988 -51.10559463501
			vertex 5.3720779418945 -5.3720779418945 -49.926307678223
		endloop
	endfacet
	facet normal 0.31432254801838 -0.12050823305717 -0.94163639562874
		outer loop
			vertex 2.5291841030121 -2.5291841030121 -51.97732925415
			vertex 4.7835431098938 7.6540422330873e-16 -51.548492431641
			vertex 5.1113448143005 -2.6057407855988 -51.10559463501
		endloop
	endfacet
	facet normal 0.28894309226014 -0.096041751372552 -0.9525165990304
		outer loop
			vertex 2.5291841030121 -2.5291841030121 -51.97732925415
			vertex 2.438628911972 7.6540422330873e-16 -52.259815216064
			vertex 4.7835431098938 7.6540422330873e-16 -51.548492431641
		endloop
	endfacet
	facet normal 0.46947298555163 -0.090229201581947 -0.87832443152808
		outer loop
			vertex 5.1113448143005 -2.6057407855988 -51.10559463501
			vertex 4.7835431098938 7.6540422330873e-16 -51.548492431641
			vertex 6.9446277618408 7.6540422330873e-16 -50.393371582031
		endloop
	endfacet
	facet normal 0.49614950595596 -0.81457963868657 -0.30049239587205
		outer loop
			vertex 5.1113448143005 -11.105596542358 -42.605739593506
			vertex 5.3720779418945 -9.926305770874 -45.372077941895
			vertex 7.5470886230469 -9.6056222915649 -42.650184631348
		endloop
	endfacet
	facet normal 0.51791022122325 -0.8449656200399 -0.13342452436888
		outer loop
			vertex 5.1113448143005 -11.105596542358 -42.605739593506
			vertex 7.5470886230469 -9.6056222915649 -42.650184631348
			vertex 6.9446277618408 -10.393370628357 -40
		endloop
	endfacet
	facet normal 0.55994656639219 -0.74647366710094 -0.35949535061036
		outer loop
			vertex 5.3720779418945 -9.926305770874 -45.372077941895
			vertex 7.946385383606 -7.946385383606 -45.473564147949
			vertex 7.5470886230469 -9.6056222915649 -42.650184631348
		endloop
	endfacet
	facet normal 0.63208418868967 -0.77019663657914 -0.085245055051284
		outer loop
			vertex 6.9446277618408 -10.393370628357 -40
			vertex 7.5470886230469 -9.6056222915649 -42.650184631348
			vertex 8.8388347625732 -8.8388347625732 -40
		endloop
	endfacet
	facet normal 0.51121257253592 -0.69088603412633 -0.51121247395813
		outer loop
			vertex 5.3720779418945 -9.926305770874 -45.372077941895
			vertex 5.4735655784607 -7.946385383606 -47.946384429932
			vertex 7.946385383606 -7.946385383606 -45.473564147949
		endloop
	endfacet
	facet normal 0.51121276714073 -0.51121276714073 -0.69088567319393
		outer loop
			vertex 5.4735655784607 -7.946385383606 -47.946384429932
			vertex 5.3720779418945 -5.3720779418945 -49.926307678223
			vertex 7.946385383606 -5.4735655784607 -47.946384429932
		endloop
	endfacet
	facet normal 0.57735030630003 -0.57735030630003 -0.57735019496882
		outer loop
			vertex 5.4735655784607 -7.946385383606 -47.946384429932
			vertex 7.946385383606 -5.4735655784607 -47.946384429932
			vertex 7.946385383606 -7.946385383606 -45.473564147949
		endloop
	endfacet
	facet normal 0.67433147916816 -0.67433147916816 -0.30092210355135
		outer loop
			vertex 7.5470886230469 -9.6056222915649 -42.650184631348
			vertex 7.946385383606 -7.946385383606 -45.473564147949
			vertex 9.6056222915649 -7.5470886230469 -42.650184631348
		endloop
	endfacet
	facet normal 0.69088603412633 -0.51121257253592 -0.51121247395813
		outer loop
			vertex 7.946385383606 -7.946385383606 -45.473564147949
			vertex 7.946385383606 -5.4735655784607 -47.946384429932
			vertex 9.926305770874 -5.3720779418945 -45.372077941895
		endloop
	endfacet
	facet normal 0.70027097969021 -0.70027097969021 -0.13871232824597
		outer loop
			vertex 7.5470886230469 -9.6056222915649 -42.650184631348
			vertex 9.6056222915649 -7.5470886230469 -42.650184631348
			vertex 8.8388347625732 -8.8388347625732 -40
		endloop
	endfacet
	facet normal 0.77019663657914 -0.63208418868967 -0.085245055051284
		outer loop
			vertex 8.8388347625732 -8.8388347625732 -40
			vertex 9.6056222915649 -7.5470886230469 -42.650184631348
			vertex 10.393370628357 -6.9446277618408 -40
		endloop
	endfacet
	facet normal 0.74647366710094 -0.55994656639219 -0.35949535061036
		outer loop
			vertex 7.946385383606 -7.946385383606 -45.473564147949
			vertex 9.926305770874 -5.3720779418945 -45.372077941895
			vertex 9.6056222915649 -7.5470886230469 -42.650184631348
		endloop
	endfacet
	facet normal 0.8449656200399 -0.51791022122325 -0.13342452436888
		outer loop
			vertex 9.6056222915649 -7.5470886230469 -42.650184631348
			vertex 11.105596542358 -5.1113448143005 -42.605739593506
			vertex 10.393370628357 -6.9446277618408 -40
		endloop
	endfacet
	facet normal 0.81457963868657 -0.49614950595596 -0.30049239587205
		outer loop
			vertex 9.6056222915649 -7.5470886230469 -42.650184631348
			vertex 9.926305770874 -5.3720779418945 -45.372077941895
			vertex 11.105596542358 -5.1113448143005 -42.605739593506
		endloop
	endfacet
	facet normal 0.55994704709629 -0.35949503781569 -0.74647345715306
		outer loop
			vertex 5.3720779418945 -5.3720779418945 -49.926307678223
			vertex 7.5470886230469 -2.6501851081848 -49.605621337891
			vertex 7.946385383606 -5.4735655784607 -47.946384429932
		endloop
	endfacet
	facet normal 0.49614949061427 -0.30049154181804 -0.81457996308467
		outer loop
			vertex 5.3720779418945 -5.3720779418945 -49.926307678223
			vertex 5.1113448143005 -2.6057407855988 -51.10559463501
			vertex 7.5470886230469 -2.6501851081848 -49.605621337891
		endloop
	endfacet
	facet normal 0.67433164914851 -0.3009219248408 -0.67433138893778
		outer loop
			vertex 7.946385383606 -5.4735655784607 -47.946384429932
			vertex 7.5470886230469 -2.6501851081848 -49.605621337891
			vertex 8.3426523208618 -2.7778511047363 -48.753086090088
		endloop
	endfacet
	facet normal 0.67433104378462 -0.30092200615166 -0.67433195801623
		outer loop
			vertex 7.946385383606 -5.4735655784607 -47.946384429932
			vertex 8.3426523208618 -2.7778511047363 -48.753086090088
			vertex 8.9644660949707 -3.5355339050293 -47.793155670166
		endloop
	endfacet
	facet normal 0.51790995394803 -0.13342518684736 -0.84496567925348
		outer loop
			vertex 5.1113448143005 -2.6057407855988 -51.10559463501
			vertex 6.9446277618408 7.6540422330873e-16 -50.393371582031
			vertex 7.5470886230469 -2.6501851081848 -49.605621337891
		endloop
	endfacet
	facet normal 0.6321249156458 -0.085274069073581 -0.77015999906735
		outer loop
			vertex 7.5470886230469 -2.6501851081848 -49.605621337891
			vertex 7.8806023597717 -1.9134172201157 -49.413459777832
			vertex 7.8939919471741 -1.9384676218033 -49.399696350098
		endloop
	endfacet
	facet normal 0.63208210998954 -0.085244680750444 -0.77019838394723
		outer loop
			vertex 7.5470886230469 -2.6501851081848 -49.605621337891
			vertex 7.5960736274719 -0.97545158863068 -49.750778198242
			vertex 7.8806023597717 -1.9134172201157 -49.413459777832
		endloop
	endfacet
	facet normal 0.67433277842128 -0.30091826194007 -0.67433189423132
		outer loop
			vertex 7.5470886230469 -2.6501851081848 -49.605621337891
			vertex 8.2744131088257 -2.6501851081848 -48.878295898438
			vertex 8.3426523208618 -2.7778511047363 -48.753086090088
		endloop
	endfacet
	facet normal 0.70027153406601 -0.13871136627162 -0.70027061586497
		outer loop
			vertex 7.5470886230469 -2.6501851081848 -49.605621337891
			vertex 7.8939919471741 -1.9384676218033 -49.399696350098
			vertex 8.2744131088257 -2.6501851081848 -48.878295898438
		endloop
	endfacet
	facet normal 0.63208655706707 -0.085244496264993 -0.7701947547417
		outer loop
			vertex 7.5470886230469 -2.6501851081848 -49.605621337891
			vertex 6.9446277618408 7.6540422330873e-16 -50.393371582031
			vertex 7.5960736274719 -0.97545158863068 -49.750778198242
		endloop
	endfacet
	facet normal 0.63208541111088 -0.085245787015911 -0.77019555234812
		outer loop
			vertex 7.5960736274719 -0.97545158863068 -49.750778198242
			vertex 6.9446277618408 7.6540422330873e-16 -50.393371582031
			vertex 7.5 0 -49.937587738037
		endloop
	endfacet
	facet normal 0.74647341689306 -0.35949536114818 -0.55994689318269
		outer loop
			vertex 7.946385383606 -5.4735655784607 -47.946384429932
			vertex 9.0459995269775 -3.6024465560913 -47.681762695312
			vertex 9.7221488952637 -4.1573481559753 -46.424121856689
		endloop
	endfacet
	facet normal 0.74647337741705 -0.35949634847909 -0.55994631192445
		outer loop
			vertex 7.946385383606 -5.4735655784607 -47.946384429932
			vertex 9.7872934341431 -4.1921682357788 -46.314922332764
			vertex 9.926305770874 -5.3720779418945 -45.372077941895
		endloop
	endfacet
	facet normal 0.74647313641229 -0.35949221201093 -0.55994928888095
		outer loop
			vertex 7.946385383606 -5.4735655784607 -47.946384429932
			vertex 9.7221488952637 -4.1573481559753 -46.424121856689
			vertex 9.7872934341431 -4.1921682357788 -46.314922332764
		endloop
	endfacet
	facet normal 0.81458029046266 -0.30049249048372 -0.49614837856499
		outer loop
			vertex 9.926305770874 -5.3720779418945 -45.372077941895
			vertex 9.7872934341431 -4.1921682357788 -46.314922332764
			vertex 10.310160636902 -4.4716467857361 -45.287208557129
		endloop
	endfacet
	facet normal 0.67433040217372 -0.30092160419223 -0.67433277900055
		outer loop
			vertex 7.946385383606 -5.4735655784607 -47.946384429932
			vertex 8.9644660949707 -3.5355339050293 -47.793155670166
			vertex 9.0459995269775 -3.6024465560913 -47.681762695312
		endloop
	endfacet
	facet normal 0.87586384554715 -0.34122023410322 -0.34122027475211
		outer loop
			vertex 9.926305770874 -5.3720779418945 -45.372077941895
			vertex 10.586583137512 -4.6193976402283 -44.429920196533
			vertex 11.105596542358 -5.1113448143005 -42.605739593506
		endloop
	endfacet
	facet normal 0.87586383728868 -0.34122036828803 -0.34122016176558
		outer loop
			vertex 9.926305770874 -5.3720779418945 -45.372077941895
			vertex 10.310160636902 -4.4716467857361 -45.287208557129
			vertex 10.586583137512 -4.6193976402283 -44.429920196533
		endloop
	endfacet
	facet normal 0.87832398151111 -0.46947386264763 -0.09022901857598
		outer loop
			vertex 10.393370628357 -6.9446277618408 -40
			vertex 11.105596542358 -5.1113448143005 -42.605739593506
			vertex 11.42616558075 -4.8740820884705 -40.719707489014
		endloop
	endfacet
	facet normal 0.87832407996076 -0.46947376152581 -0.090228586378672
		outer loop
			vertex 10.393370628357 -6.9446277618408 -40
			vertex 11.42616558075 -4.8740820884705 -40.719707489014
			vertex 11.489784240723 -4.8933811187744 -40
		endloop
	endfacet
	facet normal 0.87586331896839 -0.34122141666135 -0.3412204438443
		outer loop
			vertex 10.586583137512 -4.6193976402283 -44.429920196533
			vertex 11.105596542358 -4.7768387794495 -42.940246582031
			vertex 11.105596542358 -5.1113448143005 -42.605739593506
		endloop
	endfacet
	facet normal 0.90721563565819 -0.2974561269563 -0.29745527891343
		outer loop
			vertex 11.105596542358 -5.1113448143005 -42.605739593506
			vertex 11.105596542358 -4.7768387794495 -42.940246582031
			vertex 11.208034515381 -4.8079128265381 -42.596744537354
		endloop
	endfacet
	facet normal 0.94163655125875 -0.31432203620134 -0.12050835195859
		outer loop
			vertex 11.105596542358 -5.1113448143005 -42.605739593506
			vertex 11.208034515381 -4.8079128265381 -42.596744537354
			vertex 11.42616558075 -4.8740820884705 -40.719707489014
		endloop
	endfacet
	facet normal 0.097549981879038 0.097549981879038 -0.99043828786593
		outer loop
			vertex 7.6540422330873e-16 7.6540422330873e-16 -52.5
			vertex 7.6540422330873e-16 2.438628911972 -52.259815216064
			vertex 2.438628911972 7.6540422330873e-16 -52.259815216064
		endloop
	endfacet
	facet normal 0.10659748493566 0.10659748493566 -0.98857167287495
		outer loop
			vertex 7.6540422330873e-16 2.438628911972 -52.259815216064
			vertex 2.5291841030121 2.5291841030121 -51.97732925415
			vertex 2.438628911972 7.6540422330873e-16 -52.259815216064
		endloop
	endfacet
	facet normal 0.096041751372552 0.28894309226014 -0.9525165990304
		outer loop
			vertex 7.6540422330873e-16 2.438628911972 -52.259815216064
			vertex 7.6540422330873e-16 4.7835431098938 -51.548492431641
			vertex 2.5291841030121 2.5291841030121 -51.97732925415
		endloop
	endfacet
	facet normal 0.090229201581947 0.46947298555163 -0.87832443152808
		outer loop
			vertex 7.6540422330873e-16 4.7835431098938 -51.548492431641
			vertex 7.6540422330873e-16 6.9446277618408 -50.393371582031
			vertex 2.6057407855988 5.1113448143005 -51.10559463501
		endloop
	endfacet
	facet normal 0.12050823305717 0.31432254801838 -0.94163639562873
		outer loop
			vertex 2.5291841030121 2.5291841030121 -51.97732925415
			vertex 7.6540422330873e-16 4.7835431098938 -51.548492431641
			vertex 2.6057407855988 5.1113448143005 -51.10559463501
		endloop
	endfacet
	facet normal 0.28894309226014 0.096041751372552 -0.9525165990304
		outer loop
			vertex 2.438628911972 7.6540422330873e-16 -52.259815216064
			vertex 2.5291841030121 2.5291841030121 -51.97732925415
			vertex 4.7835431098938 7.6540422330873e-16 -51.548492431641
		endloop
	endfacet
	facet normal 0.31432254801838 0.12050823305717 -0.94163639562873
		outer loop
			vertex 2.5291841030121 2.5291841030121 -51.97732925415
			vertex 5.1113448143005 2.6057407855988 -51.10559463501
			vertex 4.7835431098938 7.6540422330873e-16 -51.548492431641
		endloop
	endfacet
	facet normal 0.46947298555163 0.090229201581947 -0.87832443152808
		outer loop
			vertex 4.7835431098938 7.6540422330873e-16 -51.548492431641
			vertex 5.1113448143005 2.6057407855988 -51.10559463501
			vertex 6.9446277618408 7.6540422330873e-16 -50.393371582031
		endloop
	endfacet
	facet normal 0.29745589651341 0.29745589651341 -0.90721550871819
		outer loop
			vertex 2.5291841030121 2.5291841030121 -51.97732925415
			vertex 2.6057407855988 5.1113448143005 -51.10559463501
			vertex 5.1113448143005 2.6057407855988 -51.10559463501
		endloop
	endfacet
	facet normal 0.34121952368297 0.34121952368297 -0.87586441491542
		outer loop
			vertex 2.6057407855988 5.1113448143005 -51.10559463501
			vertex 5.3720779418945 5.3720779418945 -49.926307678223
			vertex 5.1113448143005 2.6057407855988 -51.10559463501
		endloop
	endfacet
	facet normal 0.085245787015911 0.63208541111088 -0.77019555234812
		outer loop
			vertex 7.6540422330873e-16 6.9446277618408 -50.393371582031
			vertex 7.6540422330873e-16 7.5 -49.937587738037
			vertex 0.97545158863068 7.5960736274719 -49.750778198242
		endloop
	endfacet
	facet normal 0.085244496264993 0.63208655706707 -0.77019475474169
		outer loop
			vertex 7.6540422330873e-16 6.9446277618408 -50.393371582031
			vertex 0.97545158863068 7.5960736274719 -49.750778198242
			vertex 2.6501851081848 7.5470886230469 -49.605621337891
		endloop
	endfacet
	facet normal 0.13342518684736 0.51790995394803 -0.84496567925348
		outer loop
			vertex 2.6057407855988 5.1113448143005 -51.10559463501
			vertex 7.6540422330873e-16 6.9446277618408 -50.393371582031
			vertex 2.6501851081848 7.5470886230469 -49.605621337891
		endloop
	endfacet
	facet normal 0.085244680750444 0.63208210998954 -0.77019838394723
		outer loop
			vertex 0.97545158863068 7.5960736274719 -49.750778198242
			vertex 1.9134172201157 7.8806023597717 -49.413459777832
			vertex 2.6501851081848 7.5470886230469 -49.605621337891
		endloop
	endfacet
	facet normal 0.085274069073581 0.6321249156458 -0.77015999906735
		outer loop
			vertex 1.9134172201157 7.8806023597717 -49.413459777832
			vertex 1.9384676218033 7.8939919471741 -49.399696350098
			vertex 2.6501851081848 7.5470886230469 -49.605621337891
		endloop
	endfacet
	facet normal 0.13871136627162 0.70027153406601 -0.70027061586497
		outer loop
			vertex 1.9384676218033 7.8939919471741 -49.399696350098
			vertex 2.6501851081848 8.2744131088257 -48.878295898438
			vertex 2.6501851081848 7.5470886230469 -49.605621337891
		endloop
	endfacet
	facet normal 0.30091826194007 0.67433277842128 -0.67433189423132
		outer loop
			vertex 2.6501851081848 7.5470886230469 -49.605621337891
			vertex 2.6501851081848 8.2744131088257 -48.878295898438
			vertex 2.7778511047363 8.3426523208618 -48.753086090088
		endloop
	endfacet
	facet normal 0.30049154181804 0.49614949061427 -0.81457996308467
		outer loop
			vertex 2.6057407855988 5.1113448143005 -51.10559463501
			vertex 2.6501851081848 7.5470886230469 -49.605621337891
			vertex 5.3720779418945 5.3720779418945 -49.926307678223
		endloop
	endfacet
	facet normal 0.3009219248408 0.67433164914851 -0.67433138893778
		outer loop
			vertex 2.6501851081848 7.5470886230469 -49.605621337891
			vertex 2.7778511047363 8.3426523208618 -48.753086090088
			vertex 5.4735655784607 7.946385383606 -47.946384429932
		endloop
	endfacet
	facet normal 0.30092200615166 0.67433104378462 -0.67433195801623
		outer loop
			vertex 2.7778511047363 8.3426523208618 -48.753086090088
			vertex 3.5355339050293 8.9644660949707 -47.793155670166
			vertex 5.4735655784607 7.946385383606 -47.946384429932
		endloop
	endfacet
	facet normal 0.35949503781569 0.55994704709629 -0.74647345715306
		outer loop
			vertex 5.3720779418945 5.3720779418945 -49.926307678223
			vertex 2.6501851081848 7.5470886230469 -49.605621337891
			vertex 5.4735655784607 7.946385383606 -47.946384429932
		endloop
	endfacet
	facet normal 0.30092160419223 0.67433040217372 -0.67433277900055
		outer loop
			vertex 5.4735655784607 7.946385383606 -47.946384429932
			vertex 3.5355339050293 8.9644660949707 -47.793155670166
			vertex 3.6024465560913 9.0459995269775 -47.681762695312
		endloop
	endfacet
	facet normal 0.35949536114818 0.74647341689306 -0.55994689318269
		outer loop
			vertex 5.4735655784607 7.946385383606 -47.946384429932
			vertex 3.6024465560913 9.0459995269775 -47.681762695312
			vertex 4.1573481559753 9.7221488952637 -46.424121856689
		endloop
	endfacet
	facet normal 0.35949221201093 0.74647313641229 -0.55994928888095
		outer loop
			vertex 5.4735655784607 7.946385383606 -47.946384429932
			vertex 4.1573481559753 9.7221488952637 -46.424121856689
			vertex 4.1921682357788 9.7872934341431 -46.314922332764
		endloop
	endfacet
	facet normal 0.35949634847909 0.74647337741705 -0.55994631192445
		outer loop
			vertex 5.4735655784607 7.946385383606 -47.946384429932
			vertex 4.1921682357788 9.7872934341431 -46.314922332764
			vertex 5.3720779418945 9.926305770874 -45.372077941895
		endloop
	endfacet
	facet normal 0.30049249048372 0.81458029046266 -0.49614837856499
		outer loop
			vertex 4.1921682357788 9.7872934341431 -46.314922332764
			vertex 4.4716467857361 10.310160636902 -45.287208557129
			vertex 5.3720779418945 9.926305770874 -45.372077941895
		endloop
	endfacet
	facet normal 0.34122036828803 0.87586383728868 -0.34122016176558
		outer loop
			vertex 5.3720779418945 9.926305770874 -45.372077941895
			vertex 4.4716467857361 10.310160636902 -45.287208557129
			vertex 4.6193976402283 10.586583137512 -44.429920196533
		endloop
	endfacet
	facet normal 0.34122141666135 0.87586331896839 -0.3412204438443
		outer loop
			vertex 4.6193976402283 10.586583137512 -44.429920196533
			vertex 4.7768387794495 11.105596542358 -42.940246582031
			vertex 5.1113448143005 11.105596542358 -42.605739593506
		endloop
	endfacet
	facet normal 0.2974561269563 0.90721563565819 -0.29745527891343
		outer loop
			vertex 4.7768387794495 11.105596542358 -42.940246582031
			vertex 4.8079128265381 11.208034515381 -42.596744537354
			vertex 5.1113448143005 11.105596542358 -42.605739593506
		endloop
	endfacet
	facet normal 0.31432203620134 0.94163655125875 -0.12050835195859
		outer loop
			vertex 4.8079128265381 11.208034515381 -42.596744537354
			vertex 4.8740820884705 11.42616558075 -40.719707489014
			vertex 5.1113448143005 11.105596542358 -42.605739593506
		endloop
	endfacet
	facet normal 0.34122023410322 0.87586384554715 -0.34122027475211
		outer loop
			vertex 5.3720779418945 9.926305770874 -45.372077941895
			vertex 4.6193976402283 10.586583137512 -44.429920196533
			vertex 5.1113448143005 11.105596542358 -42.605739593506
		endloop
	endfacet
	facet normal 0.46947386264763 0.87832398151111 -0.09022901857598
		outer loop
			vertex 4.8740820884705 11.42616558075 -40.719707489014
			vertex 6.9446277618408 10.393370628357 -40
			vertex 5.1113448143005 11.105596542358 -42.605739593506
		endloop
	endfacet
	facet normal 0.46947376152581 0.87832407996076 -0.090228586378672
		outer loop
			vertex 4.8740820884705 11.42616558075 -40.719707489014
			vertex 4.8933811187744 11.489784240723 -40
			vertex 6.9446277618408 10.393370628357 -40
		endloop
	endfacet
	facet normal 0.51790995394803 0.13342518684736 -0.84496567925348
		outer loop
			vertex 5.1113448143005 2.6057407855988 -51.10559463501
			vertex 7.5470886230469 2.6501851081848 -49.605621337891
			vertex 6.9446277618408 7.6540422330873e-16 -50.393371582031
		endloop
	endfacet
	facet normal 0.63208541111088 0.085245787015911 -0.77019555234812
		outer loop
			vertex 6.9446277618408 7.6540422330873e-16 -50.393371582031
			vertex 7.5960736274719 0.97545158863068 -49.750778198242
			vertex 7.5 0 -49.937587738037
		endloop
	endfacet
	facet normal 0.63208655706707 0.085244496264993 -0.77019475474169
		outer loop
			vertex 6.9446277618408 7.6540422330873e-16 -50.393371582031
			vertex 7.5470886230469 2.6501851081848 -49.605621337891
			vertex 7.5960736274719 0.97545158863068 -49.750778198242
		endloop
	endfacet
	facet normal 0.63208210998954 0.085244680750444 -0.77019838394723
		outer loop
			vertex 7.5960736274719 0.97545158863068 -49.750778198242
			vertex 7.5470886230469 2.6501851081848 -49.605621337891
			vertex 7.8806023597717 1.9134172201157 -49.413459777832
		endloop
	endfacet
	facet normal 0.6321249156458 0.085274069073581 -0.77015999906735
		outer loop
			vertex 7.8806023597717 1.9134172201157 -49.413459777832
			vertex 7.5470886230469 2.6501851081848 -49.605621337891
			vertex 7.8939919471741 1.9384676218033 -49.399696350098
		endloop
	endfacet
	facet normal 0.70027153406601 0.13871136627162 -0.70027061586497
		outer loop
			vertex 7.8939919471741 1.9384676218033 -49.399696350098
			vertex 7.5470886230469 2.6501851081848 -49.605621337891
			vertex 8.2744131088257 2.6501851081848 -48.878295898438
		endloop
	endfacet
	facet normal 0.67433277842128 0.30091826194007 -0.67433189423132
		outer loop
			vertex 7.5470886230469 2.6501851081848 -49.605621337891
			vertex 8.3426523208618 2.7778511047363 -48.753086090088
			vertex 8.2744131088257 2.6501851081848 -48.878295898438
		endloop
	endfacet
	facet normal 0.49614949061427 0.30049154181804 -0.81457996308467
		outer loop
			vertex 5.1113448143005 2.6057407855988 -51.10559463501
			vertex 5.3720779418945 5.3720779418945 -49.926307678223
			vertex 7.5470886230469 2.6501851081848 -49.605621337891
		endloop
	endfacet
	facet normal 0.55994704709629 0.35949503781569 -0.74647345715306
		outer loop
			vertex 5.3720779418945 5.3720779418945 -49.926307678223
			vertex 7.946385383606 5.4735655784607 -47.946384429932
			vertex 7.5470886230469 2.6501851081848 -49.605621337891
		endloop
	endfacet
	facet normal 0.67433164914851 0.3009219248408 -0.67433138893778
		outer loop
			vertex 7.5470886230469 2.6501851081848 -49.605621337891
			vertex 7.946385383606 5.4735655784607 -47.946384429932
			vertex 8.3426523208618 2.7778511047363 -48.753086090088
		endloop
	endfacet
	facet normal 0.67433104378462 0.30092200615166 -0.67433195801623
		outer loop
			vertex 8.3426523208618 2.7778511047363 -48.753086090088
			vertex 7.946385383606 5.4735655784607 -47.946384429932
			vertex 8.9644660949707 3.5355339050293 -47.793155670166
		endloop
	endfacet
	facet normal 0.67433040217372 0.30092160419223 -0.67433277900055
		outer loop
			vertex 7.946385383606 5.4735655784607 -47.946384429932
			vertex 9.0459995269775 3.6024465560913 -47.681762695312
			vertex 8.9644660949707 3.5355339050293 -47.793155670166
		endloop
	endfacet
	facet normal 0.74647341689306 0.35949536114818 -0.55994689318269
		outer loop
			vertex 7.946385383606 5.4735655784607 -47.946384429932
			vertex 9.7221488952637 4.1573481559753 -46.424121856689
			vertex 9.0459995269775 3.6024465560913 -47.681762695312
		endloop
	endfacet
	facet normal 0.74647313641229 0.35949221201093 -0.55994928888095
		outer loop
			vertex 7.946385383606 5.4735655784607 -47.946384429932
			vertex 9.7872934341431 4.1921682357788 -46.314922332764
			vertex 9.7221488952637 4.1573481559753 -46.424121856689
		endloop
	endfacet
	facet normal 0.74647337741705 0.35949634847909 -0.55994631192445
		outer loop
			vertex 7.946385383606 5.4735655784607 -47.946384429932
			vertex 9.926305770874 5.3720779418945 -45.372077941895
			vertex 9.7872934341431 4.1921682357788 -46.314922332764
		endloop
	endfacet
	facet normal 0.81458029046266 0.30049249048372 -0.49614837856499
		outer loop
			vertex 9.7872934341431 4.1921682357788 -46.314922332764
			vertex 9.926305770874 5.3720779418945 -45.372077941895
			vertex 10.310160636902 4.4716467857361 -45.287208557129
		endloop
	endfacet
	facet normal 0.87586383728868 0.34122036828803 -0.34122016176558
		outer loop
			vertex 9.926305770874 5.3720779418945 -45.372077941895
			vertex 10.586583137512 4.6193976402283 -44.429920196533
			vertex 10.310160636902 4.4716467857361 -45.287208557129
		endloop
	endfacet
	facet normal 0.87586384554715 0.34122023410322 -0.34122027475211
		outer loop
			vertex 9.926305770874 5.3720779418945 -45.372077941895
			vertex 11.105596542358 5.1113448143005 -42.605739593506
			vertex 10.586583137512 4.6193976402283 -44.429920196533
		endloop
	endfacet
	facet normal 0.87586331896839 0.34122141666135 -0.3412204438443
		outer loop
			vertex 10.586583137512 4.6193976402283 -44.429920196533
			vertex 11.105596542358 5.1113448143005 -42.605739593506
			vertex 11.105596542358 4.7768387794495 -42.940246582031
		endloop
	endfacet
	facet normal 0.90721563565819 0.2974561269563 -0.29745527891343
		outer loop
			vertex 11.105596542358 4.7768387794495 -42.940246582031
			vertex 11.105596542358 5.1113448143005 -42.605739593506
			vertex 11.208034515381 4.8079128265381 -42.596744537354
		endloop
	endfacet
	facet normal 0.94163655125875 0.31432203620134 -0.12050835195859
		outer loop
			vertex 11.208034515381 4.8079128265381 -42.596744537354
			vertex 11.105596542358 5.1113448143005 -42.605739593506
			vertex 11.42616558075 4.8740820884705 -40.719707489014
		endloop
	endfacet
	facet normal 0.87832398151111 0.46947386264763 -0.09022901857598
		outer loop
			vertex 11.42616558075 4.8740820884705 -40.719707489014
			vertex 11.105596542358 5.1113448143005 -42.605739593506
			vertex 10.393370628357 6.9446277618408 -40
		endloop
	endfacet
	facet normal 0.87832407996076 0.46947376152581 -0.090228586378672
		outer loop
			vertex 11.42616558075 4.8740820884705 -40.719707489014
			vertex 10.393370628357 6.9446277618408 -40
			vertex 11.489784240723 4.8933811187744 -40
		endloop
	endfacet
	facet normal 0.51121276714073 0.51121276714073 -0.69088567319393
		outer loop
			vertex 5.3720779418945 5.3720779418945 -49.926307678223
			vertex 5.4735655784607 7.946385383606 -47.946384429932
			vertex 7.946385383606 5.4735655784607 -47.946384429932
		endloop
	endfacet
	facet normal 0.57735030630003 0.57735030630003 -0.57735019496882
		outer loop
			vertex 5.4735655784607 7.946385383606 -47.946384429932
			vertex 7.946385383606 7.946385383606 -45.473564147949
			vertex 7.946385383606 5.4735655784607 -47.946384429932
		endloop
	endfacet
	facet normal 0.51121257253592 0.69088603412633 -0.51121247395813
		outer loop
			vertex 5.4735655784607 7.946385383606 -47.946384429932
			vertex 5.3720779418945 9.926305770874 -45.372077941895
			vertex 7.946385383606 7.946385383606 -45.473564147949
		endloop
	endfacet
	facet normal 0.69088603412633 0.51121257253592 -0.51121247395813
		outer loop
			vertex 7.946385383606 5.4735655784607 -47.946384429932
			vertex 7.946385383606 7.946385383606 -45.473564147949
			vertex 9.926305770874 5.3720779418945 -45.372077941895
		endloop
	endfacet
	facet normal 0.67433147916816 0.67433147916816 -0.30092210355135
		outer loop
			vertex 7.946385383606 7.946385383606 -45.473564147949
			vertex 7.5470886230469 9.6056222915649 -42.650184631348
			vertex 9.6056222915649 7.5470886230469 -42.650184631348
		endloop
	endfacet
	facet normal 0.55994656639219 0.74647366710094 -0.35949535061036
		outer loop
			vertex 5.3720779418945 9.926305770874 -45.372077941895
			vertex 7.5470886230469 9.6056222915649 -42.650184631348
			vertex 7.946385383606 7.946385383606 -45.473564147949
		endloop
	endfacet
	facet normal 0.49614950595596 0.81457963868657 -0.30049239587205
		outer loop
			vertex 5.3720779418945 9.926305770874 -45.372077941895
			vertex 5.1113448143005 11.105596542358 -42.605739593506
			vertex 7.5470886230469 9.6056222915649 -42.650184631348
		endloop
	endfacet
	facet normal 0.51791022122325 0.8449656200399 -0.13342452436888
		outer loop
			vertex 5.1113448143005 11.105596542358 -42.605739593506
			vertex 6.9446277618408 10.393370628357 -40
			vertex 7.5470886230469 9.6056222915649 -42.650184631348
		endloop
	endfacet
	facet normal 0.63208418868967 0.77019663657914 -0.085245055051284
		outer loop
			vertex 6.9446277618408 10.393370628357 -40
			vertex 8.8388347625732 8.8388347625732 -40
			vertex 7.5470886230469 9.6056222915649 -42.650184631348
		endloop
	endfacet
	facet normal 0.74647366710094 0.55994656639219 -0.35949535061036
		outer loop
			vertex 9.926305770874 5.3720779418945 -45.372077941895
			vertex 7.946385383606 7.946385383606 -45.473564147949
			vertex 9.6056222915649 7.5470886230469 -42.650184631348
		endloop
	endfacet
	facet normal 0.77019663657914 0.63208418868967 -0.085245055051284
		outer loop
			vertex 9.6056222915649 7.5470886230469 -42.650184631348
			vertex 8.8388347625732 8.8388347625732 -40
			vertex 10.393370628357 6.9446277618408 -40
		endloop
	endfacet
	facet normal 0.81457963868657 0.49614950595596 -0.30049239587205
		outer loop
			vertex 9.926305770874 5.3720779418945 -45.372077941895
			vertex 9.6056222915649 7.5470886230469 -42.650184631348
			vertex 11.105596542358 5.1113448143005 -42.605739593506
		endloop
	endfacet
	facet normal 0.8449656200399 0.51791022122325 -0.13342452436888
		outer loop
			vertex 11.105596542358 5.1113448143005 -42.605739593506
			vertex 9.6056222915649 7.5470886230469 -42.650184631348
			vertex 10.393370628357 6.9446277618408 -40
		endloop
	endfacet
	facet normal 0.70027097969021 0.70027097969021 -0.13871232824597
		outer loop
			vertex 7.5470886230469 9.6056222915649 -42.650184631348
			vertex 8.8388347625732 8.8388347625732 -40
			vertex 9.6056222915649 7.5470886230469 -42.650184631348
		endloop
	endfacet
	facet normal 0.77301066863108 0.63439302185832 -0
		outer loop
			vertex 8.3426523208618 -2.7778511047363 -48.753086090088
			vertex 8.3426523208618 -2.7778511047363 48.753086090088
			vertex 8.9644660949707 -3.5355339050293 -47.793155670166
		endloop
	endfacet
	facet normal 0.88192318550291 0.471393142581 0
		outer loop
			vertex 7.8939919471741 -1.9384676218033 -49.399696350098
			vertex 7.8806023597717 -1.9134172201157 -49.413459777832
			vertex 7.8806023597717 -1.9134172201157 49.413459777832
		endloop
	endfacet
	facet normal 0.88192114133284 0.47139696697176 -1.2465254950509e-09
		outer loop
			vertex 7.8939919471741 -1.9384676218033 -49.399696350098
			vertex 7.8806023597717 -1.9134172201157 49.413459777832
			vertex 8.2744131088257 -2.6501851081848 -48.878295898438
		endloop
	endfacet
	facet normal 0.88192036534265 0.47139841874351 -1.5237648932087e-08
		outer loop
			vertex 8.3426523208618 -2.7778511047363 -48.753086090088
			vertex 8.2744131088257 -2.6501851081848 -48.878295898438
			vertex 7.8806023597717 -1.9134172201157 49.413459777832
		endloop
	endfacet
	facet normal 0.95694034461661 0.29028464796651 0
		outer loop
			vertex 7.8806023597717 -1.9134172201157 -49.413459777832
			vertex 7.5960736274719 -0.97545158863068 -49.750778198242
			vertex 7.5960736274719 -0.97545158863068 49.750778198242
		endloop
	endfacet
	facet normal 0.99518472352734 0.098017172259807 -7.0881136480464e-19
		outer loop
			vertex 7.5960736274719 -0.97545158863068 -49.750778198242
			vertex 7.5 0 -49.937587738037
			vertex 7.5 7.6540422330873e-16 49.937587738037
		endloop
	endfacet
	facet normal 0.63439338816835 0.77301036800827 1.017628051376e-09
		outer loop
			vertex 9.0459995269775 -3.6024465560913 -47.681762695312
			vertex 8.9644660949707 -3.5355339050293 47.793155670166
			vertex 9.7221488952637 -4.1573481559753 -46.424121856689
		endloop
	endfacet
	facet normal 0.63439267611296 0.77301095237663 0
		outer loop
			vertex 9.0459995269775 -3.6024465560913 -47.681762695312
			vertex 8.9644660949707 -3.5355339050293 -47.793155670166
			vertex 8.9644660949707 -3.5355339050293 47.793155670166
		endloop
	endfacet
	facet normal 0.47139250734806 0.88192352503837 -0
		outer loop
			vertex 9.7221488952637 -4.1573481559753 -46.424121856689
			vertex 9.7221488952637 -4.1573481559753 46.424121856689
			vertex 9.7872934341431 -4.1921682357788 -46.314922332764
		endloop
	endfacet
	facet normal 0.47139700278327 0.88192112219118 4.0599985525278e-09
		outer loop
			vertex 9.7872934341431 -4.1921682357788 -46.314922332764
			vertex 9.7221488952637 -4.1573481559753 46.424121856689
			vertex 10.310160636902 -4.4716467857361 -45.287208557129
		endloop
	endfacet
	facet normal 0.47139660999462 0.88192133214113 8.2210725727127e-10
		outer loop
			vertex 10.310160636902 -4.4716467857361 -45.287208557129
			vertex 9.7221488952637 -4.1573481559753 46.424121856689
			vertex 10.586583137512 -4.6193976402283 -44.429920196533
		endloop
	endfacet
	facet normal 0.29028492057578 0.95694026192146 -0
		outer loop
			vertex 10.586583137512 -4.6193976402283 -44.429920196533
			vertex 10.586583137512 -4.6193976402283 44.429920196533
			vertex 11.105596542358 -4.7768387794495 -42.940246582031
		endloop
	endfacet
	facet normal 0.29028323682902 0.9569407726793 -1.0922508986149e-08
		outer loop
			vertex 11.105596542358 -4.7768387794495 -42.940246582031
			vertex 10.586583137512 -4.6193976402283 44.429920196533
			vertex 11.208034515381 -4.8079128265381 -42.596744537354
		endloop
	endfacet
	facet normal 0.29028439738303 0.95694042063023 -1.8724725998939e-09
		outer loop
			vertex 11.208034515381 -4.8079128265381 -42.596744537354
			vertex 10.586583137512 -4.6193976402283 44.429920196533
			vertex 11.42616558075 -4.8740820884705 -40.719707489014
		endloop
	endfacet
	facet normal 0.29029112019612 0.95693838126354 7.0514817752786e-08
		outer loop
			vertex 11.42616558075 -4.8740820884705 -40.719707489014
			vertex 10.586583137512 -4.6193976402283 44.429920196533
			vertex 11.489784240723 -4.8933811187744 -40
		endloop
	endfacet
	facet normal 0.95694034461661 0.29028464796651 -0
		outer loop
			vertex 7.8806023597717 -1.9134172201157 -49.413459777832
			vertex 7.5960736274719 -0.97545158863068 49.750778198242
			vertex 7.8806023597717 -1.9134172201157 49.413459777832
		endloop
	endfacet
	facet normal 0.88192319571615 0.47139312347319 4.4713376131895e-08
		outer loop
			vertex 8.3426523208618 -2.7778511047363 -48.753086090088
			vertex 7.8806023597717 -1.9134172201157 49.413459777832
			vertex 7.8939919471741 -1.9384676218033 49.399696350098
		endloop
	endfacet
	facet normal 0.88192114170287 0.47139696627948 2.4614665425039e-09
		outer loop
			vertex 8.3426523208618 -2.7778511047363 -48.753086090088
			vertex 7.8939919471741 -1.9384676218033 49.399696350098
			vertex 8.2744131088257 -2.6501851081848 48.878295898438
		endloop
	endfacet
	facet normal 0.88192035912969 0.47139843036709 -0
		outer loop
			vertex 8.3426523208618 -2.7778511047363 -48.753086090088
			vertex 8.2744131088257 -2.6501851081848 48.878295898438
			vertex 8.3426523208618 -2.7778511047363 48.753086090088
		endloop
	endfacet
	facet normal 0.99518472352734 0.098017172259807 -0
		outer loop
			vertex 7.5960736274719 -0.97545158863068 -49.750778198242
			vertex 7.5 7.6540422330873e-16 49.937587738037
			vertex 7.5960736274719 -0.97545158863068 49.750778198242
		endloop
	endfacet
	facet normal 0.47139244194388 0.88192355999723 -5.0165008371629e-08
		outer loop
			vertex 10.586583137512 -4.6193976402283 -44.429920196533
			vertex 9.7221488952637 -4.1573481559753 46.424121856689
			vertex 9.7872934341431 -4.1921682357788 46.314922332764
		endloop
	endfacet
	facet normal 0.6343926690427 0.77301095817904 -8.6604878018852e-09
		outer loop
			vertex 9.7221488952637 -4.1573481559753 -46.424121856689
			vertex 8.9644660949707 -3.5355339050293 47.793155670166
			vertex 9.0459995269775 -3.6024465560913 47.681762695312
		endloop
	endfacet
	facet normal 0.77301066863108 0.63439302185832 -0
		outer loop
			vertex 8.9644660949707 -3.5355339050293 -47.793155670166
			vertex 8.3426523208618 -2.7778511047363 48.753086090088
			vertex 8.9644660949707 -3.5355339050293 47.793155670166
		endloop
	endfacet
	facet normal 0.63439338929937 0.77301036708006 -0
		outer loop
			vertex 9.7221488952637 -4.1573481559753 -46.424121856689
			vertex 9.0459995269775 -3.6024465560913 47.681762695312
			vertex 9.7221488952637 -4.1573481559753 46.424121856689
		endloop
	endfacet
	facet normal 0.47139701140897 0.88192111758065 1.5822693975441e-09
		outer loop
			vertex 10.586583137512 -4.6193976402283 -44.429920196533
			vertex 9.7872934341431 -4.1921682357788 46.314922332764
			vertex 10.310160636902 -4.4716467857361 45.287208557129
		endloop
	endfacet
	facet normal 0.47139661197771 0.88192133108114 -0
		outer loop
			vertex 10.586583137512 -4.6193976402283 -44.429920196533
			vertex 10.310160636902 -4.4716467857361 45.287208557129
			vertex 10.586583137512 -4.6193976402283 44.429920196533
		endloop
	endfacet
	facet normal 0.29028530483595 0.95694014535722 -0
		outer loop
			vertex 11.489784240723 -4.8933811187744 -40
			vertex 11.105596542358 -4.7768387794495 42.940246582031
			vertex 11.489784240723 -4.8933811187744 40
		endloop
	endfacet
	facet normal 0.29028491539817 0.95694026349207 -1.96991111871e-09
		outer loop
			vertex 11.489784240723 -4.8933811187744 -40
			vertex 10.586583137512 -4.6193976402283 44.429920196533
			vertex 11.105596542358 -4.7768387794495 42.940246582031
		endloop
	endfacet
	facet normal 0.29028156439246 0.9569412800029 -5.3371939745015e-07
		outer loop
			vertex 11.489784240723 -4.8933811187744 40
			vertex 11.105596542358 -4.7768387794495 42.940246582031
			vertex 11.208034515381 -4.8079128265381 42.596744537354
		endloop
	endfacet
	facet normal 0.29026064913078 0.95694762424968 -3.0118611934943e-06
		outer loop
			vertex 11.489784240723 -4.8933811187744 40
			vertex 11.208034515381 -4.8079128265381 42.596744537354
			vertex 11.42616558075 -4.8740820884705 40.719707489014
		endloop
	endfacet
	facet normal 0.99518472352734 -0.098017172259807 0
		outer loop
			vertex 7.5 0 -49.937587738037
			vertex 7.5960736274719 0.97545158863068 -49.750778198242
			vertex 7.5960736274719 0.97545158863068 49.750778198242
		endloop
	endfacet
	facet normal 0.95694034461661 -0.29028464796651 0
		outer loop
			vertex 7.5960736274719 0.97545158863068 -49.750778198242
			vertex 7.8806023597717 1.9134172201157 -49.413459777832
			vertex 7.8806023597717 1.9134172201157 49.413459777832
		endloop
	endfacet
	facet normal 0.88192319571615 -0.47139312347319 -4.4713376131895e-08
		outer loop
			vertex 7.8806023597717 1.9134172201157 -49.413459777832
			vertex 7.8939919471741 1.9384676218033 -49.399696350098
			vertex 8.3426523208618 2.7778511047363 48.753086090088
		endloop
	endfacet
	facet normal 0.88192114170287 -0.47139696627948 -2.4614665425039e-09
		outer loop
			vertex 7.8939919471741 1.9384676218033 -49.399696350098
			vertex 8.2744131088257 2.6501851081848 -48.878295898438
			vertex 8.3426523208618 2.7778511047363 48.753086090088
		endloop
	endfacet
	facet normal 0.88192035912969 -0.47139843036709 0
		outer loop
			vertex 8.2744131088257 2.6501851081848 -48.878295898438
			vertex 8.3426523208618 2.7778511047363 -48.753086090088
			vertex 8.3426523208618 2.7778511047363 48.753086090088
		endloop
	endfacet
	facet normal 0.29028156439246 -0.9569412800029 5.3371939745015e-07
		outer loop
			vertex 11.105596542358 4.7768387794495 -42.940246582031
			vertex 11.208034515381 4.8079128265381 -42.596744537354
			vertex 11.489784240723 4.8933811187744 -40
		endloop
	endfacet
	facet normal 0.29026064913078 -0.95694762424968 3.0118611934943e-06
		outer loop
			vertex 11.208034515381 4.8079128265381 -42.596744537354
			vertex 11.42616558075 4.8740820884705 -40.719707489014
			vertex 11.489784240723 4.8933811187744 -40
		endloop
	endfacet
	facet normal 0.77301066863108 -0.63439302185832 0
		outer loop
			vertex 8.3426523208618 2.7778511047363 -48.753086090088
			vertex 8.9644660949707 3.5355339050293 -47.793155670166
			vertex 8.9644660949707 3.5355339050293 47.793155670166
		endloop
	endfacet
	facet normal 0.6343926690427 -0.77301095817904 8.6604878018852e-09
		outer loop
			vertex 8.9644660949707 3.5355339050293 -47.793155670166
			vertex 9.0459995269775 3.6024465560913 -47.681762695312
			vertex 9.7221488952637 4.1573481559753 46.424121856689
		endloop
	endfacet
	facet normal 0.63439338929937 -0.77301036708006 0
		outer loop
			vertex 9.0459995269775 3.6024465560913 -47.681762695312
			vertex 9.7221488952637 4.1573481559753 -46.424121856689
			vertex 9.7221488952637 4.1573481559753 46.424121856689
		endloop
	endfacet
	facet normal 0.47139244194388 -0.88192355999723 5.0165008371629e-08
		outer loop
			vertex 9.7221488952637 4.1573481559753 -46.424121856689
			vertex 9.7872934341431 4.1921682357788 -46.314922332764
			vertex 10.586583137512 4.6193976402283 44.429920196533
		endloop
	endfacet
	facet normal 0.47139701140897 -0.88192111758065 -1.5822693975441e-09
		outer loop
			vertex 9.7872934341431 4.1921682357788 -46.314922332764
			vertex 10.310160636902 4.4716467857361 -45.287208557129
			vertex 10.586583137512 4.6193976402283 44.429920196533
		endloop
	endfacet
	facet normal 0.29028491539817 -0.95694026349207 1.96991111871e-09
		outer loop
			vertex 10.586583137512 4.6193976402283 -44.429920196533
			vertex 11.105596542358 4.7768387794495 -42.940246582031
			vertex 11.489784240723 4.8933811187744 40
		endloop
	endfacet
	facet normal 0.47139661197771 -0.88192133108114 0
		outer loop
			vertex 10.310160636902 4.4716467857361 -45.287208557129
			vertex 10.586583137512 4.6193976402283 -44.429920196533
			vertex 10.586583137512 4.6193976402283 44.429920196533
		endloop
	endfacet
	facet normal 0.29028530483595 -0.95694014535722 0
		outer loop
			vertex 11.105596542358 4.7768387794495 -42.940246582031
			vertex 11.489784240723 4.8933811187744 -40
			vertex 11.489784240723 4.8933811187744 40
		endloop
	endfacet
	facet normal 0.99518472352734 -0.098017172259807 7.5116521444718e-19
		outer loop
			vertex 7.5 0 -49.937587738037
			vertex 7.5960736274719 0.97545158863068 49.750778198242
			vertex 7.5 7.6540422330873e-16 49.937587738037
		endloop
	endfacet
	facet normal 0.95694034461661 -0.29028464796651 0
		outer loop
			vertex 7.5960736274719 0.97545158863068 -49.750778198242
			vertex 7.8806023597717 1.9134172201157 49.413459777832
			vertex 7.5960736274719 0.97545158863068 49.750778198242
		endloop
	endfacet
	facet normal 0.88192318550291 -0.471393142581 0
		outer loop
			vertex 7.8806023597717 1.9134172201157 -49.413459777832
			vertex 7.8939919471741 1.9384676218033 49.399696350098
			vertex 7.8806023597717 1.9134172201157 49.413459777832
		endloop
	endfacet
	facet normal 0.88192114133284 -0.47139696697176 1.2465254950509e-09
		outer loop
			vertex 7.8806023597717 1.9134172201157 -49.413459777832
			vertex 8.2744131088257 2.6501851081848 48.878295898438
			vertex 7.8939919471741 1.9384676218033 49.399696350098
		endloop
	endfacet
	facet normal 0.88192036534265 -0.47139841874351 1.5237648932087e-08
		outer loop
			vertex 7.8806023597717 1.9134172201157 -49.413459777832
			vertex 8.3426523208618 2.7778511047363 48.753086090088
			vertex 8.2744131088257 2.6501851081848 48.878295898438
		endloop
	endfacet
	facet normal 0.77301066863108 -0.63439302185832 0
		outer loop
			vertex 8.3426523208618 2.7778511047363 -48.753086090088
			vertex 8.9644660949707 3.5355339050293 47.793155670166
			vertex 8.3426523208618 2.7778511047363 48.753086090088
		endloop
	endfacet
	facet normal 0.63439267611296 -0.77301095237663 0
		outer loop
			vertex 8.9644660949707 3.5355339050293 -47.793155670166
			vertex 9.0459995269775 3.6024465560913 47.681762695312
			vertex 8.9644660949707 3.5355339050293 47.793155670166
		endloop
	endfacet
	facet normal 0.63439338816835 -0.77301036800827 -1.017628051376e-09
		outer loop
			vertex 8.9644660949707 3.5355339050293 -47.793155670166
			vertex 9.7221488952637 4.1573481559753 46.424121856689
			vertex 9.0459995269775 3.6024465560913 47.681762695312
		endloop
	endfacet
	facet normal 0.47139250734806 -0.88192352503837 0
		outer loop
			vertex 9.7221488952637 4.1573481559753 -46.424121856689
			vertex 9.7872934341431 4.1921682357788 46.314922332764
			vertex 9.7221488952637 4.1573481559753 46.424121856689
		endloop
	endfacet
	facet normal 0.47139700278327 -0.88192112219118 -4.0599985525278e-09
		outer loop
			vertex 9.7221488952637 4.1573481559753 -46.424121856689
			vertex 10.310160636902 4.4716467857361 45.287208557129
			vertex 9.7872934341431 4.1921682357788 46.314922332764
		endloop
	endfacet
	facet normal 0.47139660999462 -0.88192133214113 -8.2210725727127e-10
		outer loop
			vertex 9.7221488952637 4.1573481559753 -46.424121856689
			vertex 10.586583137512 4.6193976402283 44.429920196533
			vertex 10.310160636902 4.4716467857361 45.287208557129
		endloop
	endfacet
	facet normal 0.29028492057578 -0.95694026192146 0
		outer loop
			vertex 10.586583137512 4.6193976402283 -44.429920196533
			vertex 11.105596542358 4.7768387794495 42.940246582031
			vertex 10.586583137512 4.6193976402283 44.429920196533
		endloop
	endfacet
	facet normal 0.29028323682902 -0.9569407726793 1.0922508986149e-08
		outer loop
			vertex 10.586583137512 4.6193976402283 -44.429920196533
			vertex 11.208034515381 4.8079128265381 42.596744537354
			vertex 11.105596542358 4.7768387794495 42.940246582031
		endloop
	endfacet
	facet normal 0.29028439738303 -0.95694042063023 1.8724725998939e-09
		outer loop
			vertex 10.586583137512 4.6193976402283 -44.429920196533
			vertex 11.42616558075 4.8740820884705 40.719707489014
			vertex 11.208034515381 4.8079128265381 42.596744537354
		endloop
	endfacet
	facet normal 0.29029112019612 -0.95693838126354 -7.0514817752786e-08
		outer loop
			vertex 10.586583137512 4.6193976402283 -44.429920196533
			vertex 11.489784240723 4.8933811187744 40
			vertex 11.42616558075 4.8740820884705 40.719707489014
		endloop
	endfacet
	facet normal -0.29026064913078 0.95694762424968 3.0118611934943e-06
		outer loop
			vertex -11.208034515381 -4.8079128265381 -42.596744537354
			vertex -11.42616558075 -4.8740820884705 -40.719707489014
			vertex -11.489784240723 -4.8933811187744 -40
		endloop
	endfacet
	facet normal -0.29028156439246 0.9569412800029 5.3371939745015e-07
		outer loop
			vertex -11.105596542358 -4.7768387794495 -42.940246582031
			vertex -11.208034515381 -4.8079128265381 -42.596744537354
			vertex -11.489784240723 -4.8933811187744 -40
		endloop
	endfacet
	facet normal -0.29028491539817 0.95694026349207 1.96991111871e-09
		outer loop
			vertex -11.105596542358 -4.7768387794495 -42.940246582031
			vertex -11.489784240723 -4.8933811187744 40
			vertex -10.586583137512 -4.6193976402283 -44.429920196533
		endloop
	endfacet
	facet normal -0.47139701140897 0.88192111758065 -1.5822693975441e-09
		outer loop
			vertex -10.310160636902 -4.4716467857361 -45.287208557129
			vertex -10.586583137512 -4.6193976402283 44.429920196533
			vertex -9.7872934341431 -4.1921682357788 -46.314922332764
		endloop
	endfacet
	facet normal -0.29028530483595 0.95694014535722 0
		outer loop
			vertex -11.105596542358 -4.7768387794495 -42.940246582031
			vertex -11.489784240723 -4.8933811187744 -40
			vertex -11.489784240723 -4.8933811187744 40
		endloop
	endfacet
	facet normal -0.47139661197771 0.88192133108114 0
		outer loop
			vertex -10.586583137512 -4.6193976402283 -44.429920196533
			vertex -10.586583137512 -4.6193976402283 44.429920196533
			vertex -10.310160636902 -4.4716467857361 -45.287208557129
		endloop
	endfacet
	facet normal -0.47139244194388 0.88192355999723 5.0165008371629e-08
		outer loop
			vertex -9.7872934341431 -4.1921682357788 -46.314922332764
			vertex -10.586583137512 -4.6193976402283 44.429920196533
			vertex -9.7221488952637 -4.1573481559753 -46.424121856689
		endloop
	endfacet
	facet normal -0.63439338929937 0.77301036708006 0
		outer loop
			vertex -9.7221488952637 -4.1573481559753 -46.424121856689
			vertex -9.7221488952637 -4.1573481559753 46.424121856689
			vertex -9.0459995269775 -3.6024465560913 -47.681762695312
		endloop
	endfacet
	facet normal -0.6343926690427 0.77301095817904 8.6604878018852e-09
		outer loop
			vertex -9.0459995269775 -3.6024465560913 -47.681762695312
			vertex -9.7221488952637 -4.1573481559753 46.424121856689
			vertex -8.9644660949707 -3.5355339050293 -47.793155670166
		endloop
	endfacet
	facet normal -0.77301066863108 0.63439302185832 0
		outer loop
			vertex -8.9644660949707 -3.5355339050293 -47.793155670166
			vertex -8.9644660949707 -3.5355339050293 47.793155670166
			vertex -8.3426523208618 -2.7778511047363 -48.753086090088
		endloop
	endfacet
	facet normal -0.88192035912969 0.47139843036709 0
		outer loop
			vertex -8.3426523208618 -2.7778511047363 -48.753086090088
			vertex -8.3426523208618 -2.7778511047363 48.753086090088
			vertex -8.2744131088257 -2.6501851081848 -48.878295898438
		endloop
	endfacet
	facet normal -0.88192114170287 0.47139696627948 -2.4614665425039e-09
		outer loop
			vertex -8.2744131088257 -2.6501851081848 -48.878295898438
			vertex -8.3426523208618 -2.7778511047363 48.753086090088
			vertex -7.8939919471741 -1.9384676218033 -49.399696350098
		endloop
	endfacet
	facet normal -0.88192319571615 0.47139312347319 -4.4713376131895e-08
		outer loop
			vertex -7.8939919471741 -1.9384676218033 -49.399696350098
			vertex -8.3426523208618 -2.7778511047363 48.753086090088
			vertex -7.8806023597717 -1.9134172201157 -49.413459777832
		endloop
	endfacet
	facet normal -0.95694034461661 0.29028464796651 0
		outer loop
			vertex -7.8806023597717 -1.9134172201157 -49.413459777832
			vertex -7.8806023597717 -1.9134172201157 49.413459777832
			vertex -7.5960736274719 -0.97545158863068 -49.750778198242
		endloop
	endfacet
	facet normal -0.99518472352734 0.098017172259807 0
		outer loop
			vertex -7.5960736274719 -0.97545158863068 -49.750778198242
			vertex -7.5960736274719 -0.97545158863068 49.750778198242
			vertex -7.5 7.6540422330873e-16 -49.937587738037
		endloop
	endfacet
	facet normal -0.29029112019612 0.95693838126354 -7.0514817752786e-08
		outer loop
			vertex -10.586583137512 -4.6193976402283 -44.429920196533
			vertex -11.489784240723 -4.8933811187744 40
			vertex -11.42616558075 -4.8740820884705 40.719707489014
		endloop
	endfacet
	facet normal -0.29028439738303 0.95694042063023 1.8724725998939e-09
		outer loop
			vertex -10.586583137512 -4.6193976402283 -44.429920196533
			vertex -11.42616558075 -4.8740820884705 40.719707489014
			vertex -11.208034515381 -4.8079128265381 42.596744537354
		endloop
	endfacet
	facet normal -0.29028323682902 0.9569407726793 1.0922508986149e-08
		outer loop
			vertex -10.586583137512 -4.6193976402283 -44.429920196533
			vertex -11.208034515381 -4.8079128265381 42.596744537354
			vertex -11.105596542358 -4.7768387794495 42.940246582031
		endloop
	endfacet
	facet normal -0.29028492057578 0.95694026192146 0
		outer loop
			vertex -10.586583137512 -4.6193976402283 -44.429920196533
			vertex -11.105596542358 -4.7768387794495 42.940246582031
			vertex -10.586583137512 -4.6193976402283 44.429920196533
		endloop
	endfacet
	facet normal -0.47139660999462 0.88192133214113 -8.2210725727127e-10
		outer loop
			vertex -9.7221488952637 -4.1573481559753 -46.424121856689
			vertex -10.586583137512 -4.6193976402283 44.429920196533
			vertex -10.310160636902 -4.4716467857361 45.287208557129
		endloop
	endfacet
	facet normal -0.47139700278327 0.88192112219118 -4.0599985525278e-09
		outer loop
			vertex -9.7221488952637 -4.1573481559753 -46.424121856689
			vertex -10.310160636902 -4.4716467857361 45.287208557129
			vertex -9.7872934341431 -4.1921682357788 46.314922332764
		endloop
	endfacet
	facet normal -0.47139250734806 0.88192352503837 0
		outer loop
			vertex -9.7221488952637 -4.1573481559753 -46.424121856689
			vertex -9.7872934341431 -4.1921682357788 46.314922332764
			vertex -9.7221488952637 -4.1573481559753 46.424121856689
		endloop
	endfacet
	facet normal -0.63439338816835 0.77301036800827 -1.017628051376e-09
		outer loop
			vertex -8.9644660949707 -3.5355339050293 -47.793155670166
			vertex -9.7221488952637 -4.1573481559753 46.424121856689
			vertex -9.0459995269775 -3.6024465560913 47.681762695312
		endloop
	endfacet
	facet normal -0.63439267611296 0.77301095237663 0
		outer loop
			vertex -8.9644660949707 -3.5355339050293 -47.793155670166
			vertex -9.0459995269775 -3.6024465560913 47.681762695312
			vertex -8.9644660949707 -3.5355339050293 47.793155670166
		endloop
	endfacet
	facet normal -0.77301066863108 0.63439302185832 0
		outer loop
			vertex -8.3426523208618 -2.7778511047363 -48.753086090088
			vertex -8.9644660949707 -3.5355339050293 47.793155670166
			vertex -8.3426523208618 -2.7778511047363 48.753086090088
		endloop
	endfacet
	facet normal -0.88192036534265 0.47139841874351 1.5237648932087e-08
		outer loop
			vertex -7.8806023597717 -1.9134172201157 -49.413459777832
			vertex -8.3426523208618 -2.7778511047363 48.753086090088
			vertex -8.2744131088257 -2.6501851081848 48.878295898438
		endloop
	endfacet
	facet normal -0.88192114133284 0.47139696697176 1.2465254950509e-09
		outer loop
			vertex -7.8806023597717 -1.9134172201157 -49.413459777832
			vertex -8.2744131088257 -2.6501851081848 48.878295898438
			vertex -7.8939919471741 -1.9384676218033 49.399696350098
		endloop
	endfacet
	facet normal -0.88192318550291 0.471393142581 0
		outer loop
			vertex -7.8806023597717 -1.9134172201157 -49.413459777832
			vertex -7.8939919471741 -1.9384676218033 49.399696350098
			vertex -7.8806023597717 -1.9134172201157 49.413459777832
		endloop
	endfacet
	facet normal -0.95694034461661 0.29028464796651 0
		outer loop
			vertex -7.5960736274719 -0.97545158863068 -49.750778198242
			vertex -7.8806023597717 -1.9134172201157 49.413459777832
			vertex -7.5960736274719 -0.97545158863068 49.750778198242
		endloop
	endfacet
	facet normal -0.99518472352734 0.098017172259807 7.0881136480464e-19
		outer loop
			vertex -7.5960736274719 -0.97545158863068 49.750778198242
			vertex -7.5 0 49.937587738037
			vertex -7.5 7.6540422330873e-16 -49.937587738037
		endloop
	endfacet
	facet normal -0.29029112019612 -0.95693838126354 7.0514817752786e-08
		outer loop
			vertex -11.42616558075 4.8740820884705 -40.719707489014
			vertex -10.586583137512 4.6193976402283 44.429920196533
			vertex -11.489784240723 4.8933811187744 -40
		endloop
	endfacet
	facet normal -0.29028439738303 -0.95694042063023 -1.8724725998939e-09
		outer loop
			vertex -11.208034515381 4.8079128265381 -42.596744537354
			vertex -10.586583137512 4.6193976402283 44.429920196533
			vertex -11.42616558075 4.8740820884705 -40.719707489014
		endloop
	endfacet
	facet normal -0.29028323682902 -0.9569407726793 -1.0922508986149e-08
		outer loop
			vertex -11.105596542358 4.7768387794495 -42.940246582031
			vertex -10.586583137512 4.6193976402283 44.429920196533
			vertex -11.208034515381 4.8079128265381 -42.596744537354
		endloop
	endfacet
	facet normal -0.29028492057578 -0.95694026192146 0
		outer loop
			vertex -11.105596542358 4.7768387794495 -42.940246582031
			vertex -10.586583137512 4.6193976402283 -44.429920196533
			vertex -10.586583137512 4.6193976402283 44.429920196533
		endloop
	endfacet
	facet normal -0.47139660999462 -0.88192133214113 8.2210725727127e-10
		outer loop
			vertex -10.586583137512 4.6193976402283 -44.429920196533
			vertex -10.310160636902 4.4716467857361 -45.287208557129
			vertex -9.7221488952637 4.1573481559753 46.424121856689
		endloop
	endfacet
	facet normal -0.47139250734806 -0.88192352503837 0
		outer loop
			vertex -9.7872934341431 4.1921682357788 -46.314922332764
			vertex -9.7221488952637 4.1573481559753 -46.424121856689
			vertex -9.7221488952637 4.1573481559753 46.424121856689
		endloop
	endfacet
	facet normal -0.63439267611296 -0.77301095237663 0
		outer loop
			vertex -8.9644660949707 3.5355339050293 -47.793155670166
			vertex -8.9644660949707 3.5355339050293 47.793155670166
			vertex -9.0459995269775 3.6024465560913 -47.681762695312
		endloop
	endfacet
	facet normal -0.63439338816835 -0.77301036800827 1.017628051376e-09
		outer loop
			vertex -9.7221488952637 4.1573481559753 -46.424121856689
			vertex -9.0459995269775 3.6024465560913 -47.681762695312
			vertex -8.9644660949707 3.5355339050293 47.793155670166
		endloop
	endfacet
	facet normal -0.47139700278327 -0.88192112219118 4.0599985525278e-09
		outer loop
			vertex -10.310160636902 4.4716467857361 -45.287208557129
			vertex -9.7872934341431 4.1921682357788 -46.314922332764
			vertex -9.7221488952637 4.1573481559753 46.424121856689
		endloop
	endfacet
	facet normal -0.99518472352734 -0.098017172259807 -7.5116521444718e-19
		outer loop
			vertex -7.5 7.6540422330873e-16 -49.937587738037
			vertex -7.5 0 49.937587738037
			vertex -7.5960736274719 0.97545158863068 -49.750778198242
		endloop
	endfacet
	facet normal -0.95694034461661 -0.29028464796651 0
		outer loop
			vertex -7.5960736274719 0.97545158863068 -49.750778198242
			vertex -7.5960736274719 0.97545158863068 49.750778198242
			vertex -7.8806023597717 1.9134172201157 -49.413459777832
		endloop
	endfacet
	facet normal -0.88192036534265 -0.47139841874351 -1.5237648932087e-08
		outer loop
			vertex -8.2744131088257 2.6501851081848 -48.878295898438
			vertex -7.8806023597717 1.9134172201157 49.413459777832
			vertex -8.3426523208618 2.7778511047363 -48.753086090088
		endloop
	endfacet
	facet normal -0.88192114133284 -0.47139696697176 -1.2465254950509e-09
		outer loop
			vertex -8.2744131088257 2.6501851081848 -48.878295898438
			vertex -7.8939919471741 1.9384676218033 -49.399696350098
			vertex -7.8806023597717 1.9134172201157 49.413459777832
		endloop
	endfacet
	facet normal -0.88192318550291 -0.471393142581 0
		outer loop
			vertex -7.8806023597717 1.9134172201157 -49.413459777832
			vertex -7.8806023597717 1.9134172201157 49.413459777832
			vertex -7.8939919471741 1.9384676218033 -49.399696350098
		endloop
	endfacet
	facet normal -0.77301066863108 -0.63439302185832 0
		outer loop
			vertex -8.9644660949707 3.5355339050293 -47.793155670166
			vertex -8.3426523208618 2.7778511047363 -48.753086090088
			vertex -8.3426523208618 2.7778511047363 48.753086090088
		endloop
	endfacet
	facet normal -0.29028530483595 -0.95694014535722 0
		outer loop
			vertex -11.489784240723 4.8933811187744 -40
			vertex -11.105596542358 4.7768387794495 42.940246582031
			vertex -11.489784240723 4.8933811187744 40
		endloop
	endfacet
	facet normal -0.29028491539817 -0.95694026349207 -1.96991111871e-09
		outer loop
			vertex -11.489784240723 4.8933811187744 -40
			vertex -10.586583137512 4.6193976402283 44.429920196533
			vertex -11.105596542358 4.7768387794495 42.940246582031
		endloop
	endfacet
	facet normal -0.47139661197771 -0.88192133108114 0
		outer loop
			vertex -10.586583137512 4.6193976402283 -44.429920196533
			vertex -10.310160636902 4.4716467857361 45.287208557129
			vertex -10.586583137512 4.6193976402283 44.429920196533
		endloop
	endfacet
	facet normal -0.47139701140897 -0.88192111758065 1.5822693975441e-09
		outer loop
			vertex -10.586583137512 4.6193976402283 -44.429920196533
			vertex -9.7872934341431 4.1921682357788 46.314922332764
			vertex -10.310160636902 4.4716467857361 45.287208557129
		endloop
	endfacet
	facet normal -0.63439338929937 -0.77301036708006 0
		outer loop
			vertex -9.7221488952637 4.1573481559753 -46.424121856689
			vertex -9.0459995269775 3.6024465560913 47.681762695312
			vertex -9.7221488952637 4.1573481559753 46.424121856689
		endloop
	endfacet
	facet normal -0.77301066863108 -0.63439302185832 0
		outer loop
			vertex -8.9644660949707 3.5355339050293 -47.793155670166
			vertex -8.3426523208618 2.7778511047363 48.753086090088
			vertex -8.9644660949707 3.5355339050293 47.793155670166
		endloop
	endfacet
	facet normal -0.6343926690427 -0.77301095817904 -8.6604878018852e-09
		outer loop
			vertex -9.7221488952637 4.1573481559753 -46.424121856689
			vertex -8.9644660949707 3.5355339050293 47.793155670166
			vertex -9.0459995269775 3.6024465560913 47.681762695312
		endloop
	endfacet
	facet normal -0.47139244194388 -0.88192355999723 -5.0165008371629e-08
		outer loop
			vertex -10.586583137512 4.6193976402283 -44.429920196533
			vertex -9.7221488952637 4.1573481559753 46.424121856689
			vertex -9.7872934341431 4.1921682357788 46.314922332764
		endloop
	endfacet
	facet normal -0.29026064913078 -0.95694762424968 -3.0118611934943e-06
		outer loop
			vertex -11.489784240723 4.8933811187744 40
			vertex -11.208034515381 4.8079128265381 42.596744537354
			vertex -11.42616558075 4.8740820884705 40.719707489014
		endloop
	endfacet
	facet normal -0.29028156439246 -0.9569412800029 -5.3371939745015e-07
		outer loop
			vertex -11.489784240723 4.8933811187744 40
			vertex -11.105596542358 4.7768387794495 42.940246582031
			vertex -11.208034515381 4.8079128265381 42.596744537354
		endloop
	endfacet
	facet normal -0.99518472352734 -0.098017172259807 0
		outer loop
			vertex -7.5960736274719 0.97545158863068 -49.750778198242
			vertex -7.5 0 49.937587738037
			vertex -7.5960736274719 0.97545158863068 49.750778198242
		endloop
	endfacet
	facet normal -0.88192035912969 -0.47139843036709 0
		outer loop
			vertex -8.3426523208618 2.7778511047363 -48.753086090088
			vertex -8.2744131088257 2.6501851081848 48.878295898438
			vertex -8.3426523208618 2.7778511047363 48.753086090088
		endloop
	endfacet
	facet normal -0.88192114170287 -0.47139696627948 2.4614665425039e-09
		outer loop
			vertex -8.3426523208618 2.7778511047363 -48.753086090088
			vertex -7.8939919471741 1.9384676218033 49.399696350098
			vertex -8.2744131088257 2.6501851081848 48.878295898438
		endloop
	endfacet
	facet normal -0.88192319571615 -0.47139312347319 4.4713376131895e-08
		outer loop
			vertex -8.3426523208618 2.7778511047363 -48.753086090088
			vertex -7.8806023597717 1.9134172201157 49.413459777832
			vertex -7.8939919471741 1.9384676218033 49.399696350098
		endloop
	endfacet
	facet normal -0.95694034461661 -0.29028464796651 0
		outer loop
			vertex -7.8806023597717 1.9134172201157 -49.413459777832
			vertex -7.5960736274719 0.97545158863068 49.750778198242
			vertex -7.8806023597717 1.9134172201157 49.413459777832
		endloop
	endfacet
	facet normal 0.95694762424968 0.29026064913078 3.0118611934943e-06
		outer loop
			vertex -4.8079128265381 11.208034515381 -42.596744537354
			vertex -4.8740820884705 11.42616558075 -40.719707489014
			vertex -4.8933811187744 11.489784240723 -40
		endloop
	endfacet
	facet normal 0.9569412800029 0.29028156439246 5.3371939745015e-07
		outer loop
			vertex -4.7768387794495 11.105596542358 -42.940246582031
			vertex -4.8079128265381 11.208034515381 -42.596744537354
			vertex -4.8933811187744 11.489784240723 -40
		endloop
	endfacet
	facet normal 0.88192355999723 0.47139244194388 5.0165008371629e-08
		outer loop
			vertex -4.1573481559753 9.7221488952637 -46.424121856689
			vertex -4.1921682357788 9.7872934341431 -46.314922332764
			vertex -4.6193976402283 10.586583137512 44.429920196533
		endloop
	endfacet
	facet normal 0.88192111758065 0.47139701140897 -1.5822693975441e-09
		outer loop
			vertex -4.4716467857361 10.310160636902 -45.287208557129
			vertex -4.6193976402283 10.586583137512 44.429920196533
			vertex -4.1921682357788 9.7872934341431 -46.314922332764
		endloop
	endfacet
	facet normal 0.95694026349207 0.29028491539817 1.96991111871e-09
		outer loop
			vertex -4.6193976402283 10.586583137512 -44.429920196533
			vertex -4.7768387794495 11.105596542358 -42.940246582031
			vertex -4.8933811187744 11.489784240723 40
		endloop
	endfacet
	facet normal 0.88192133108114 0.47139661197771 0
		outer loop
			vertex -4.4716467857361 10.310160636902 -45.287208557129
			vertex -4.6193976402283 10.586583137512 -44.429920196533
			vertex -4.6193976402283 10.586583137512 44.429920196533
		endloop
	endfacet
	facet normal 0.95694014535722 0.29028530483595 0
		outer loop
			vertex -4.7768387794495 11.105596542358 -42.940246582031
			vertex -4.8933811187744 11.489784240723 -40
			vertex -4.8933811187744 11.489784240723 40
		endloop
	endfacet
	facet normal 0.77301095817904 0.6343926690427 8.6604878018852e-09
		outer loop
			vertex -3.6024465560913 9.0459995269775 -47.681762695312
			vertex -4.1573481559753 9.7221488952637 46.424121856689
			vertex -3.5355339050293 8.9644660949707 -47.793155670166
		endloop
	endfacet
	facet normal 0.77301036708006 0.63439338929937 0
		outer loop
			vertex -3.6024465560913 9.0459995269775 -47.681762695312
			vertex -4.1573481559753 9.7221488952637 -46.424121856689
			vertex -4.1573481559753 9.7221488952637 46.424121856689
		endloop
	endfacet
	facet normal 0.63439302185832 0.77301066863108 -0
		outer loop
			vertex -3.5355339050293 8.9644660949707 -47.793155670166
			vertex -3.5355339050293 8.9644660949707 47.793155670166
			vertex -2.7778511047363 8.3426523208618 -48.753086090088
		endloop
	endfacet
	facet normal 0.47139843036709 0.88192035912969 -0
		outer loop
			vertex -2.7778511047363 8.3426523208618 -48.753086090088
			vertex -2.7778511047363 8.3426523208618 48.753086090088
			vertex -2.6501851081848 8.2744131088257 -48.878295898438
		endloop
	endfacet
	facet normal 0.47139696627948 0.88192114170287 -2.4614665425039e-09
		outer loop
			vertex -2.6501851081848 8.2744131088257 -48.878295898438
			vertex -2.7778511047363 8.3426523208618 48.753086090088
			vertex -1.9384676218033 7.8939919471741 -49.399696350098
		endloop
	endfacet
	facet normal 0.47139312347319 0.88192319571615 -4.4713376131895e-08
		outer loop
			vertex -1.9384676218033 7.8939919471741 -49.399696350098
			vertex -2.7778511047363 8.3426523208618 48.753086090088
			vertex -1.9134172201157 7.8806023597717 -49.413459777832
		endloop
	endfacet
	facet normal 0.29028464796651 0.95694034461661 -0
		outer loop
			vertex -1.9134172201157 7.8806023597717 -49.413459777832
			vertex -1.9134172201157 7.8806023597717 49.413459777832
			vertex -0.97545158863068 7.5960736274719 -49.750778198242
		endloop
	endfacet
	facet normal 0.098017172259807 0.99518472352734 -0
		outer loop
			vertex -0.97545158863068 7.5960736274719 -49.750778198242
			vertex -0.97545158863068 7.5960736274719 49.750778198242
			vertex 7.6540422330873e-16 7.5 -49.937587738037
		endloop
	endfacet
	facet normal 0.63439302185832 0.77301066863108 -0
		outer loop
			vertex -2.7778511047363 8.3426523208618 -48.753086090088
			vertex -3.5355339050293 8.9644660949707 47.793155670166
			vertex -2.7778511047363 8.3426523208618 48.753086090088
		endloop
	endfacet
	facet normal 0.95694026192146 0.29028492057578 -0
		outer loop
			vertex -4.6193976402283 10.586583137512 -44.429920196533
			vertex -4.7768387794495 11.105596542358 42.940246582031
			vertex -4.6193976402283 10.586583137512 44.429920196533
		endloop
	endfacet
	facet normal 0.88192133214113 0.47139660999462 -8.2210725727127e-10
		outer loop
			vertex -4.1573481559753 9.7221488952637 -46.424121856689
			vertex -4.6193976402283 10.586583137512 44.429920196533
			vertex -4.4716467857361 10.310160636902 45.287208557129
		endloop
	endfacet
	facet normal 0.95694042063023 0.29028439738303 1.8724725998939e-09
		outer loop
			vertex -4.6193976402283 10.586583137512 -44.429920196533
			vertex -4.8740820884705 11.42616558075 40.719707489014
			vertex -4.8079128265381 11.208034515381 42.596744537354
		endloop
	endfacet
	facet normal 0.9569407726793 0.29028323682902 1.0922508986149e-08
		outer loop
			vertex -4.6193976402283 10.586583137512 -44.429920196533
			vertex -4.8079128265381 11.208034515381 42.596744537354
			vertex -4.7768387794495 11.105596542358 42.940246582031
		endloop
	endfacet
	facet normal 0.95693838126354 0.29029112019612 -7.0514817752786e-08
		outer loop
			vertex -4.6193976402283 10.586583137512 -44.429920196533
			vertex -4.8933811187744 11.489784240723 40
			vertex -4.8740820884705 11.42616558075 40.719707489014
		endloop
	endfacet
	facet normal 0.77301036800827 0.63439338816835 -1.017628051376e-09
		outer loop
			vertex -3.5355339050293 8.9644660949707 -47.793155670166
			vertex -4.1573481559753 9.7221488952637 46.424121856689
			vertex -3.6024465560913 9.0459995269775 47.681762695312
		endloop
	endfacet
	facet normal 0.88192352503837 0.47139250734806 -0
		outer loop
			vertex -4.1573481559753 9.7221488952637 -46.424121856689
			vertex -4.1921682357788 9.7872934341431 46.314922332764
			vertex -4.1573481559753 9.7221488952637 46.424121856689
		endloop
	endfacet
	facet normal 0.88192112219118 0.47139700278327 -4.0599985525278e-09
		outer loop
			vertex -4.1573481559753 9.7221488952637 -46.424121856689
			vertex -4.4716467857361 10.310160636902 45.287208557129
			vertex -4.1921682357788 9.7872934341431 46.314922332764
		endloop
	endfacet
	facet normal 0.77301095237663 0.63439267611296 -0
		outer loop
			vertex -3.5355339050293 8.9644660949707 -47.793155670166
			vertex -3.6024465560913 9.0459995269775 47.681762695312
			vertex -3.5355339050293 8.9644660949707 47.793155670166
		endloop
	endfacet
	facet normal 0.47139841874351 0.88192036534265 1.5237648932087e-08
		outer loop
			vertex -1.9134172201157 7.8806023597717 -49.413459777832
			vertex -2.7778511047363 8.3426523208618 48.753086090088
			vertex -2.6501851081848 8.2744131088257 48.878295898438
		endloop
	endfacet
	facet normal 0.47139696697176 0.88192114133284 1.2465254950509e-09
		outer loop
			vertex -1.9134172201157 7.8806023597717 -49.413459777832
			vertex -2.6501851081848 8.2744131088257 48.878295898438
			vertex -1.9384676218033 7.8939919471741 49.399696350098
		endloop
	endfacet
	facet normal 0.471393142581 0.88192318550291 -0
		outer loop
			vertex -1.9134172201157 7.8806023597717 -49.413459777832
			vertex -1.9384676218033 7.8939919471741 49.399696350098
			vertex -1.9134172201157 7.8806023597717 49.413459777832
		endloop
	endfacet
	facet normal 0.29028464796651 0.95694034461661 -0
		outer loop
			vertex -0.97545158863068 7.5960736274719 -49.750778198242
			vertex -1.9134172201157 7.8806023597717 49.413459777832
			vertex -0.97545158863068 7.5960736274719 49.750778198242
		endloop
	endfacet
	facet normal 0.098017172259807 0.99518472352734 7.0881136480464e-19
		outer loop
			vertex -0.97545158863068 7.5960736274719 49.750778198242
			vertex 0 7.5 49.937587738037
			vertex 7.6540422330873e-16 7.5 -49.937587738037
		endloop
	endfacet
	facet normal -0.098017172259807 0.99518472352734 -7.5116521444718e-19
		outer loop
			vertex 7.6540422330873e-16 7.5 -49.937587738037
			vertex 0 7.5 49.937587738037
			vertex 0.97545158863068 7.5960736274719 -49.750778198242
		endloop
	endfacet
	facet normal -0.29028464796651 0.95694034461661 0
		outer loop
			vertex 0.97545158863068 7.5960736274719 -49.750778198242
			vertex 0.97545158863068 7.5960736274719 49.750778198242
			vertex 1.9134172201157 7.8806023597717 -49.413459777832
		endloop
	endfacet
	facet normal -0.471393142581 0.88192318550291 0
		outer loop
			vertex 1.9134172201157 7.8806023597717 -49.413459777832
			vertex 1.9134172201157 7.8806023597717 49.413459777832
			vertex 1.9384676218033 7.8939919471741 -49.399696350098
		endloop
	endfacet
	facet normal -0.47139696697176 0.88192114133284 -1.2465254950509e-09
		outer loop
			vertex 1.9384676218033 7.8939919471741 -49.399696350098
			vertex 1.9134172201157 7.8806023597717 49.413459777832
			vertex 2.6501851081848 8.2744131088257 -48.878295898438
		endloop
	endfacet
	facet normal -0.47139841874351 0.88192036534265 -1.5237648932087e-08
		outer loop
			vertex 2.6501851081848 8.2744131088257 -48.878295898438
			vertex 1.9134172201157 7.8806023597717 49.413459777832
			vertex 2.7778511047363 8.3426523208618 -48.753086090088
		endloop
	endfacet
	facet normal -0.63439302185832 0.77301066863108 0
		outer loop
			vertex 2.7778511047363 8.3426523208618 -48.753086090088
			vertex 2.7778511047363 8.3426523208618 48.753086090088
			vertex 3.5355339050293 8.9644660949707 -47.793155670166
		endloop
	endfacet
	facet normal -0.77301095237663 0.63439267611296 0
		outer loop
			vertex 3.5355339050293 8.9644660949707 -47.793155670166
			vertex 3.5355339050293 8.9644660949707 47.793155670166
			vertex 3.6024465560913 9.0459995269775 -47.681762695312
		endloop
	endfacet
	facet normal -0.77301036800827 0.63439338816835 1.017628051376e-09
		outer loop
			vertex 3.6024465560913 9.0459995269775 -47.681762695312
			vertex 3.5355339050293 8.9644660949707 47.793155670166
			vertex 4.1573481559753 9.7221488952637 -46.424121856689
		endloop
	endfacet
	facet normal -0.88192352503837 0.47139250734806 0
		outer loop
			vertex 4.1573481559753 9.7221488952637 -46.424121856689
			vertex 4.1573481559753 9.7221488952637 46.424121856689
			vertex 4.1921682357788 9.7872934341431 -46.314922332764
		endloop
	endfacet
	facet normal -0.88192112219118 0.47139700278327 4.0599985525278e-09
		outer loop
			vertex 4.1921682357788 9.7872934341431 -46.314922332764
			vertex 4.1573481559753 9.7221488952637 46.424121856689
			vertex 4.4716467857361 10.310160636902 -45.287208557129
		endloop
	endfacet
	facet normal -0.88192133214113 0.47139660999462 8.2210725727127e-10
		outer loop
			vertex 4.4716467857361 10.310160636902 -45.287208557129
			vertex 4.1573481559753 9.7221488952637 46.424121856689
			vertex 4.6193976402283 10.586583137512 -44.429920196533
		endloop
	endfacet
	facet normal -0.95694026192146 0.29028492057578 0
		outer loop
			vertex 4.6193976402283 10.586583137512 -44.429920196533
			vertex 4.6193976402283 10.586583137512 44.429920196533
			vertex 4.7768387794495 11.105596542358 -42.940246582031
		endloop
	endfacet
	facet normal -0.9569407726793 0.29028323682902 -1.0922508986149e-08
		outer loop
			vertex 4.7768387794495 11.105596542358 -42.940246582031
			vertex 4.6193976402283 10.586583137512 44.429920196533
			vertex 4.8079128265381 11.208034515381 -42.596744537354
		endloop
	endfacet
	facet normal -0.95694042063023 0.29028439738303 -1.8724725998939e-09
		outer loop
			vertex 4.8079128265381 11.208034515381 -42.596744537354
			vertex 4.6193976402283 10.586583137512 44.429920196533
			vertex 4.8740820884705 11.42616558075 -40.719707489014
		endloop
	endfacet
	facet normal -0.95693838126354 0.29029112019612 7.0514817752786e-08
		outer loop
			vertex 4.8740820884705 11.42616558075 -40.719707489014
			vertex 4.6193976402283 10.586583137512 44.429920196533
			vertex 4.8933811187744 11.489784240723 -40
		endloop
	endfacet
	facet normal -0.098017172259807 0.99518472352734 0
		outer loop
			vertex 0.97545158863068 7.5960736274719 -49.750778198242
			vertex 0 7.5 49.937587738037
			vertex 0.97545158863068 7.5960736274719 49.750778198242
		endloop
	endfacet
	facet normal -0.29028464796651 0.95694034461661 0
		outer loop
			vertex 1.9134172201157 7.8806023597717 -49.413459777832
			vertex 0.97545158863068 7.5960736274719 49.750778198242
			vertex 1.9134172201157 7.8806023597717 49.413459777832
		endloop
	endfacet
	facet normal -0.47139312347319 0.88192319571615 4.4713376131895e-08
		outer loop
			vertex 2.7778511047363 8.3426523208618 -48.753086090088
			vertex 1.9134172201157 7.8806023597717 49.413459777832
			vertex 1.9384676218033 7.8939919471741 49.399696350098
		endloop
	endfacet
	facet normal -0.47139696627948 0.88192114170287 2.4614665425039e-09
		outer loop
			vertex 2.7778511047363 8.3426523208618 -48.753086090088
			vertex 1.9384676218033 7.8939919471741 49.399696350098
			vertex 2.6501851081848 8.2744131088257 48.878295898438
		endloop
	endfacet
	facet normal -0.47139843036709 0.88192035912969 0
		outer loop
			vertex 2.7778511047363 8.3426523208618 -48.753086090088
			vertex 2.6501851081848 8.2744131088257 48.878295898438
			vertex 2.7778511047363 8.3426523208618 48.753086090088
		endloop
	endfacet
	facet normal -0.63439302185832 0.77301066863108 0
		outer loop
			vertex 3.5355339050293 8.9644660949707 -47.793155670166
			vertex 2.7778511047363 8.3426523208618 48.753086090088
			vertex 3.5355339050293 8.9644660949707 47.793155670166
		endloop
	endfacet
	facet normal -0.77301095817904 0.6343926690427 -8.6604878018852e-09
		outer loop
			vertex 4.1573481559753 9.7221488952637 -46.424121856689
			vertex 3.5355339050293 8.9644660949707 47.793155670166
			vertex 3.6024465560913 9.0459995269775 47.681762695312
		endloop
	endfacet
	facet normal -0.77301036708006 0.63439338929937 0
		outer loop
			vertex 4.1573481559753 9.7221488952637 -46.424121856689
			vertex 3.6024465560913 9.0459995269775 47.681762695312
			vertex 4.1573481559753 9.7221488952637 46.424121856689
		endloop
	endfacet
	facet normal -0.88192355999723 0.47139244194388 -5.0165008371629e-08
		outer loop
			vertex 4.6193976402283 10.586583137512 -44.429920196533
			vertex 4.1573481559753 9.7221488952637 46.424121856689
			vertex 4.1921682357788 9.7872934341431 46.314922332764
		endloop
	endfacet
	facet normal -0.88192111758065 0.47139701140897 1.5822693975441e-09
		outer loop
			vertex 4.6193976402283 10.586583137512 -44.429920196533
			vertex 4.1921682357788 9.7872934341431 46.314922332764
			vertex 4.4716467857361 10.310160636902 45.287208557129
		endloop
	endfacet
	facet normal -0.88192133108114 0.47139661197771 0
		outer loop
			vertex 4.6193976402283 10.586583137512 -44.429920196533
			vertex 4.4716467857361 10.310160636902 45.287208557129
			vertex 4.6193976402283 10.586583137512 44.429920196533
		endloop
	endfacet
	facet normal -0.95694014535722 0.29028530483595 0
		outer loop
			vertex 4.8933811187744 11.489784240723 -40
			vertex 4.7768387794495 11.105596542358 42.940246582031
			vertex 4.8933811187744 11.489784240723 40
		endloop
	endfacet
	facet normal -0.95694026349207 0.29028491539817 -1.96991111871e-09
		outer loop
			vertex 4.8933811187744 11.489784240723 -40
			vertex 4.6193976402283 10.586583137512 44.429920196533
			vertex 4.7768387794495 11.105596542358 42.940246582031
		endloop
	endfacet
	facet normal -0.9569412800029 0.29028156439246 -5.3371939745015e-07
		outer loop
			vertex 4.8933811187744 11.489784240723 40
			vertex 4.7768387794495 11.105596542358 42.940246582031
			vertex 4.8079128265381 11.208034515381 42.596744537354
		endloop
	endfacet
	facet normal -0.95694762424968 0.29026064913078 -3.0118611934943e-06
		outer loop
			vertex 4.8933811187744 11.489784240723 40
			vertex 4.8079128265381 11.208034515381 42.596744537354
			vertex 4.8740820884705 11.42616558075 40.719707489014
		endloop
	endfacet
	facet normal 0.95693838126354 -0.29029112019612 7.0514817752786e-08
		outer loop
			vertex -4.8740820884705 -11.42616558075 -40.719707489014
			vertex -4.6193976402283 -10.586583137512 44.429920196533
			vertex -4.8933811187744 -11.489784240723 -40
		endloop
	endfacet
	facet normal 0.95694042063023 -0.29028439738303 -1.8724725998939e-09
		outer loop
			vertex -4.8079128265381 -11.208034515381 -42.596744537354
			vertex -4.6193976402283 -10.586583137512 44.429920196533
			vertex -4.8740820884705 -11.42616558075 -40.719707489014
		endloop
	endfacet
	facet normal 0.9569407726793 -0.29028323682902 -1.0922508986149e-08
		outer loop
			vertex -4.7768387794495 -11.105596542358 -42.940246582031
			vertex -4.6193976402283 -10.586583137512 44.429920196533
			vertex -4.8079128265381 -11.208034515381 -42.596744537354
		endloop
	endfacet
	facet normal 0.95694026192146 -0.29028492057578 0
		outer loop
			vertex -4.7768387794495 -11.105596542358 -42.940246582031
			vertex -4.6193976402283 -10.586583137512 -44.429920196533
			vertex -4.6193976402283 -10.586583137512 44.429920196533
		endloop
	endfacet
	facet normal 0.88192133214113 -0.47139660999462 8.2210725727127e-10
		outer loop
			vertex -4.6193976402283 -10.586583137512 -44.429920196533
			vertex -4.4716467857361 -10.310160636902 -45.287208557129
			vertex -4.1573481559753 -9.7221488952637 46.424121856689
		endloop
	endfacet
	facet normal 0.88192352503837 -0.47139250734806 0
		outer loop
			vertex -4.1921682357788 -9.7872934341431 -46.314922332764
			vertex -4.1573481559753 -9.7221488952637 -46.424121856689
			vertex -4.1573481559753 -9.7221488952637 46.424121856689
		endloop
	endfacet
	facet normal 0.77301036800827 -0.63439338816835 1.017628051376e-09
		outer loop
			vertex -4.1573481559753 -9.7221488952637 -46.424121856689
			vertex -3.6024465560913 -9.0459995269775 -47.681762695312
			vertex -3.5355339050293 -8.9644660949707 47.793155670166
		endloop
	endfacet
	facet normal 0.77301095237663 -0.63439267611296 0
		outer loop
			vertex -3.6024465560913 -9.0459995269775 -47.681762695312
			vertex -3.5355339050293 -8.9644660949707 -47.793155670166
			vertex -3.5355339050293 -8.9644660949707 47.793155670166
		endloop
	endfacet
	facet normal 0.88192112219118 -0.47139700278327 4.0599985525278e-09
		outer loop
			vertex -4.4716467857361 -10.310160636902 -45.287208557129
			vertex -4.1921682357788 -9.7872934341431 -46.314922332764
			vertex -4.1573481559753 -9.7221488952637 46.424121856689
		endloop
	endfacet
	facet normal 0.63439302185832 -0.77301066863108 0
		outer loop
			vertex -3.5355339050293 -8.9644660949707 -47.793155670166
			vertex -2.7778511047363 -8.3426523208618 -48.753086090088
			vertex -2.7778511047363 -8.3426523208618 48.753086090088
		endloop
	endfacet
	facet normal 0.47139841874351 -0.88192036534265 -1.5237648932087e-08
		outer loop
			vertex -2.7778511047363 -8.3426523208618 -48.753086090088
			vertex -2.6501851081848 -8.2744131088257 -48.878295898438
			vertex -1.9134172201157 -7.8806023597717 49.413459777832
		endloop
	endfacet
	facet normal 0.47139696697176 -0.88192114133284 -1.2465254950509e-09
		outer loop
			vertex -2.6501851081848 -8.2744131088257 -48.878295898438
			vertex -1.9384676218033 -7.8939919471741 -49.399696350098
			vertex -1.9134172201157 -7.8806023597717 49.413459777832
		endloop
	endfacet
	facet normal 0.471393142581 -0.88192318550291 0
		outer loop
			vertex -1.9384676218033 -7.8939919471741 -49.399696350098
			vertex -1.9134172201157 -7.8806023597717 -49.413459777832
			vertex -1.9134172201157 -7.8806023597717 49.413459777832
		endloop
	endfacet
	facet normal 0.29028464796651 -0.95694034461661 0
		outer loop
			vertex -1.9134172201157 -7.8806023597717 -49.413459777832
			vertex -0.97545158863068 -7.5960736274719 -49.750778198242
			vertex -0.97545158863068 -7.5960736274719 49.750778198242
		endloop
	endfacet
	facet normal 0.098017172259807 -0.99518472352734 -7.0881136480464e-19
		outer loop
			vertex -0.97545158863068 -7.5960736274719 -49.750778198242
			vertex 0 -7.5 -49.937587738037
			vertex 7.6540422330873e-16 -7.5 49.937587738037
		endloop
	endfacet
	facet normal 0.95694014535722 -0.29028530483595 0
		outer loop
			vertex -4.8933811187744 -11.489784240723 -40
			vertex -4.7768387794495 -11.105596542358 42.940246582031
			vertex -4.8933811187744 -11.489784240723 40
		endloop
	endfacet
	facet normal 0.95694026349207 -0.29028491539817 -1.96991111871e-09
		outer loop
			vertex -4.8933811187744 -11.489784240723 -40
			vertex -4.6193976402283 -10.586583137512 44.429920196533
			vertex -4.7768387794495 -11.105596542358 42.940246582031
		endloop
	endfacet
	facet normal 0.88192133108114 -0.47139661197771 0
		outer loop
			vertex -4.6193976402283 -10.586583137512 -44.429920196533
			vertex -4.4716467857361 -10.310160636902 45.287208557129
			vertex -4.6193976402283 -10.586583137512 44.429920196533
		endloop
	endfacet
	facet normal 0.88192111758065 -0.47139701140897 1.5822693975441e-09
		outer loop
			vertex -4.6193976402283 -10.586583137512 -44.429920196533
			vertex -4.1921682357788 -9.7872934341431 46.314922332764
			vertex -4.4716467857361 -10.310160636902 45.287208557129
		endloop
	endfacet
	facet normal 0.88192355999723 -0.47139244194388 -5.0165008371629e-08
		outer loop
			vertex -4.6193976402283 -10.586583137512 -44.429920196533
			vertex -4.1573481559753 -9.7221488952637 46.424121856689
			vertex -4.1921682357788 -9.7872934341431 46.314922332764
		endloop
	endfacet
	facet normal 0.77301036708006 -0.63439338929937 0
		outer loop
			vertex -4.1573481559753 -9.7221488952637 -46.424121856689
			vertex -3.6024465560913 -9.0459995269775 47.681762695312
			vertex -4.1573481559753 -9.7221488952637 46.424121856689
		endloop
	endfacet
	facet normal 0.77301095817904 -0.6343926690427 -8.6604878018852e-09
		outer loop
			vertex -4.1573481559753 -9.7221488952637 -46.424121856689
			vertex -3.5355339050293 -8.9644660949707 47.793155670166
			vertex -3.6024465560913 -9.0459995269775 47.681762695312
		endloop
	endfacet
	facet normal 0.63439302185832 -0.77301066863108 0
		outer loop
			vertex -3.5355339050293 -8.9644660949707 -47.793155670166
			vertex -2.7778511047363 -8.3426523208618 48.753086090088
			vertex -3.5355339050293 -8.9644660949707 47.793155670166
		endloop
	endfacet
	facet normal 0.95694762424968 -0.29026064913078 -3.0118611934943e-06
		outer loop
			vertex -4.8933811187744 -11.489784240723 40
			vertex -4.8079128265381 -11.208034515381 42.596744537354
			vertex -4.8740820884705 -11.42616558075 40.719707489014
		endloop
	endfacet
	facet normal 0.9569412800029 -0.29028156439246 -5.3371939745015e-07
		outer loop
			vertex -4.8933811187744 -11.489784240723 40
			vertex -4.7768387794495 -11.105596542358 42.940246582031
			vertex -4.8079128265381 -11.208034515381 42.596744537354
		endloop
	endfacet
	facet normal 0.47139843036709 -0.88192035912969 0
		outer loop
			vertex -2.7778511047363 -8.3426523208618 -48.753086090088
			vertex -2.6501851081848 -8.2744131088257 48.878295898438
			vertex -2.7778511047363 -8.3426523208618 48.753086090088
		endloop
	endfacet
	facet normal 0.47139696627948 -0.88192114170287 2.4614665425039e-09
		outer loop
			vertex -2.7778511047363 -8.3426523208618 -48.753086090088
			vertex -1.9384676218033 -7.8939919471741 49.399696350098
			vertex -2.6501851081848 -8.2744131088257 48.878295898438
		endloop
	endfacet
	facet normal 0.47139312347319 -0.88192319571615 4.4713376131895e-08
		outer loop
			vertex -2.7778511047363 -8.3426523208618 -48.753086090088
			vertex -1.9134172201157 -7.8806023597717 49.413459777832
			vertex -1.9384676218033 -7.8939919471741 49.399696350098
		endloop
	endfacet
	facet normal 0.29028464796651 -0.95694034461661 0
		outer loop
			vertex -1.9134172201157 -7.8806023597717 -49.413459777832
			vertex -0.97545158863068 -7.5960736274719 49.750778198242
			vertex -1.9134172201157 -7.8806023597717 49.413459777832
		endloop
	endfacet
	facet normal 0.098017172259807 -0.99518472352734 0
		outer loop
			vertex -0.97545158863068 -7.5960736274719 -49.750778198242
			vertex 7.6540422330873e-16 -7.5 49.937587738037
			vertex -0.97545158863068 -7.5960736274719 49.750778198242
		endloop
	endfacet
	facet normal -0.098017172259807 -0.99518472352734 0
		outer loop
			vertex 0 -7.5 -49.937587738037
			vertex 0.97545158863068 -7.5960736274719 -49.750778198242
			vertex 0.97545158863068 -7.5960736274719 49.750778198242
		endloop
	endfacet
	facet normal -0.29028464796651 -0.95694034461661 0
		outer loop
			vertex 0.97545158863068 -7.5960736274719 -49.750778198242
			vertex 1.9134172201157 -7.8806023597717 -49.413459777832
			vertex 1.9134172201157 -7.8806023597717 49.413459777832
		endloop
	endfacet
	facet normal -0.47139312347319 -0.88192319571615 -4.4713376131895e-08
		outer loop
			vertex 1.9134172201157 -7.8806023597717 -49.413459777832
			vertex 1.9384676218033 -7.8939919471741 -49.399696350098
			vertex 2.7778511047363 -8.3426523208618 48.753086090088
		endloop
	endfacet
	facet normal -0.47139696627948 -0.88192114170287 -2.4614665425039e-09
		outer loop
			vertex 1.9384676218033 -7.8939919471741 -49.399696350098
			vertex 2.6501851081848 -8.2744131088257 -48.878295898438
			vertex 2.7778511047363 -8.3426523208618 48.753086090088
		endloop
	endfacet
	facet normal -0.47139843036709 -0.88192035912969 0
		outer loop
			vertex 2.6501851081848 -8.2744131088257 -48.878295898438
			vertex 2.7778511047363 -8.3426523208618 -48.753086090088
			vertex 2.7778511047363 -8.3426523208618 48.753086090088
		endloop
	endfacet
	facet normal -0.9569412800029 -0.29028156439246 5.3371939745015e-07
		outer loop
			vertex 4.7768387794495 -11.105596542358 -42.940246582031
			vertex 4.8079128265381 -11.208034515381 -42.596744537354
			vertex 4.8933811187744 -11.489784240723 -40
		endloop
	endfacet
	facet normal -0.95694762424968 -0.29026064913078 3.0118611934943e-06
		outer loop
			vertex 4.8079128265381 -11.208034515381 -42.596744537354
			vertex 4.8740820884705 -11.42616558075 -40.719707489014
			vertex 4.8933811187744 -11.489784240723 -40
		endloop
	endfacet
	facet normal -0.63439302185832 -0.77301066863108 0
		outer loop
			vertex 2.7778511047363 -8.3426523208618 -48.753086090088
			vertex 3.5355339050293 -8.9644660949707 -47.793155670166
			vertex 3.5355339050293 -8.9644660949707 47.793155670166
		endloop
	endfacet
	facet normal -0.77301036708006 -0.63439338929937 0
		outer loop
			vertex 4.1573481559753 -9.7221488952637 -46.424121856689
			vertex 4.1573481559753 -9.7221488952637 46.424121856689
			vertex 3.6024465560913 -9.0459995269775 -47.681762695312
		endloop
	endfacet
	facet normal -0.77301095817904 -0.6343926690427 8.6604878018852e-09
		outer loop
			vertex 3.5355339050293 -8.9644660949707 -47.793155670166
			vertex 3.6024465560913 -9.0459995269775 -47.681762695312
			vertex 4.1573481559753 -9.7221488952637 46.424121856689
		endloop
	endfacet
	facet normal -0.95694026349207 -0.29028491539817 1.96991111871e-09
		outer loop
			vertex 4.7768387794495 -11.105596542358 -42.940246582031
			vertex 4.8933811187744 -11.489784240723 40
			vertex 4.6193976402283 -10.586583137512 -44.429920196533
		endloop
	endfacet
	facet normal -0.88192111758065 -0.47139701140897 -1.5822693975441e-09
		outer loop
			vertex 4.1921682357788 -9.7872934341431 -46.314922332764
			vertex 4.4716467857361 -10.310160636902 -45.287208557129
			vertex 4.6193976402283 -10.586583137512 44.429920196533
		endloop
	endfacet
	facet normal -0.95694014535722 -0.29028530483595 0
		outer loop
			vertex 4.7768387794495 -11.105596542358 -42.940246582031
			vertex 4.8933811187744 -11.489784240723 -40
			vertex 4.8933811187744 -11.489784240723 40
		endloop
	endfacet
	facet normal -0.88192133108114 -0.47139661197771 0
		outer loop
			vertex 4.6193976402283 -10.586583137512 -44.429920196533
			vertex 4.6193976402283 -10.586583137512 44.429920196533
			vertex 4.4716467857361 -10.310160636902 -45.287208557129
		endloop
	endfacet
	facet normal -0.88192355999723 -0.47139244194388 5.0165008371629e-08
		outer loop
			vertex 4.1921682357788 -9.7872934341431 -46.314922332764
			vertex 4.6193976402283 -10.586583137512 44.429920196533
			vertex 4.1573481559753 -9.7221488952637 -46.424121856689
		endloop
	endfacet
	facet normal -0.098017172259807 -0.99518472352734 7.5116521444718e-19
		outer loop
			vertex 0 -7.5 -49.937587738037
			vertex 0.97545158863068 -7.5960736274719 49.750778198242
			vertex 7.6540422330873e-16 -7.5 49.937587738037
		endloop
	endfacet
	facet normal -0.29028464796651 -0.95694034461661 0
		outer loop
			vertex 0.97545158863068 -7.5960736274719 -49.750778198242
			vertex 1.9134172201157 -7.8806023597717 49.413459777832
			vertex 0.97545158863068 -7.5960736274719 49.750778198242
		endloop
	endfacet
	facet normal -0.471393142581 -0.88192318550291 0
		outer loop
			vertex 1.9134172201157 -7.8806023597717 -49.413459777832
			vertex 1.9384676218033 -7.8939919471741 49.399696350098
			vertex 1.9134172201157 -7.8806023597717 49.413459777832
		endloop
	endfacet
	facet normal -0.47139696697176 -0.88192114133284 1.2465254950509e-09
		outer loop
			vertex 1.9134172201157 -7.8806023597717 -49.413459777832
			vertex 2.6501851081848 -8.2744131088257 48.878295898438
			vertex 1.9384676218033 -7.8939919471741 49.399696350098
		endloop
	endfacet
	facet normal -0.47139841874351 -0.88192036534265 1.5237648932087e-08
		outer loop
			vertex 1.9134172201157 -7.8806023597717 -49.413459777832
			vertex 2.7778511047363 -8.3426523208618 48.753086090088
			vertex 2.6501851081848 -8.2744131088257 48.878295898438
		endloop
	endfacet
	facet normal -0.77301095237663 -0.63439267611296 0
		outer loop
			vertex 3.5355339050293 -8.9644660949707 -47.793155670166
			vertex 3.6024465560913 -9.0459995269775 47.681762695312
			vertex 3.5355339050293 -8.9644660949707 47.793155670166
		endloop
	endfacet
	facet normal -0.88192112219118 -0.47139700278327 -4.0599985525278e-09
		outer loop
			vertex 4.1573481559753 -9.7221488952637 -46.424121856689
			vertex 4.4716467857361 -10.310160636902 45.287208557129
			vertex 4.1921682357788 -9.7872934341431 46.314922332764
		endloop
	endfacet
	facet normal -0.88192352503837 -0.47139250734806 0
		outer loop
			vertex 4.1573481559753 -9.7221488952637 -46.424121856689
			vertex 4.1921682357788 -9.7872934341431 46.314922332764
			vertex 4.1573481559753 -9.7221488952637 46.424121856689
		endloop
	endfacet
	facet normal -0.77301036800827 -0.63439338816835 -1.017628051376e-09
		outer loop
			vertex 3.5355339050293 -8.9644660949707 -47.793155670166
			vertex 4.1573481559753 -9.7221488952637 46.424121856689
			vertex 3.6024465560913 -9.0459995269775 47.681762695312
		endloop
	endfacet
	facet normal -0.95693838126354 -0.29029112019612 -7.0514817752786e-08
		outer loop
			vertex 4.6193976402283 -10.586583137512 -44.429920196533
			vertex 4.8933811187744 -11.489784240723 40
			vertex 4.8740820884705 -11.42616558075 40.719707489014
		endloop
	endfacet
	facet normal -0.9569407726793 -0.29028323682902 1.0922508986149e-08
		outer loop
			vertex 4.6193976402283 -10.586583137512 -44.429920196533
			vertex 4.8079128265381 -11.208034515381 42.596744537354
			vertex 4.7768387794495 -11.105596542358 42.940246582031
		endloop
	endfacet
	facet normal -0.95694042063023 -0.29028439738303 1.8724725998939e-09
		outer loop
			vertex 4.6193976402283 -10.586583137512 -44.429920196533
			vertex 4.8740820884705 -11.42616558075 40.719707489014
			vertex 4.8079128265381 -11.208034515381 42.596744537354
		endloop
	endfacet
	facet normal -0.88192133214113 -0.47139660999462 -8.2210725727127e-10
		outer loop
			vertex 4.1573481559753 -9.7221488952637 -46.424121856689
			vertex 4.6193976402283 -10.586583137512 44.429920196533
			vertex 4.4716467857361 -10.310160636902 45.287208557129
		endloop
	endfacet
	facet normal -0.95694026192146 -0.29028492057578 0
		outer loop
			vertex 4.6193976402283 -10.586583137512 -44.429920196533
			vertex 4.7768387794495 -11.105596542358 42.940246582031
			vertex 4.6193976402283 -10.586583137512 44.429920196533
		endloop
	endfacet
	facet normal -0.63439302185832 -0.77301066863108 0
		outer loop
			vertex 2.7778511047363 -8.3426523208618 -48.753086090088
			vertex 3.5355339050293 -8.9644660949707 47.793155670166
			vertex 2.7778511047363 -8.3426523208618 48.753086090088
		endloop
	endfacet
	facet normal -0.95694034290854 -0.29028465359725 -0
		outer loop
			vertex -2.9423558712006 -0.58527094125748 140
			vertex -2.9423558712006 -0.58527094125748 52.048000335693
			vertex -2.7716386318207 -1.1480503082275 52.043041229248
		endloop
	endfacet
	facet normal -0.99518473124162 -0.098017093935455 -0
		outer loop
			vertex -3 0 140
			vertex -3 0 52.089527130127
			vertex -2.9423558712006 -0.58527094125748 52.048000335693
		endloop
	endfacet
	facet normal -0.098017093935455 -0.99518473124162 -0
		outer loop
			vertex -0.58527094125748 -2.9423558712006 140
			vertex -0.58527094125748 -2.9423558712006 52.048000335693
			vertex 7.6540422330873e-16 -3 52.089527130127
		endloop
	endfacet
	facet normal -0.77301027609239 -0.63439350016813 -0
		outer loop
			vertex -2.4944088459015 -1.6667107343674 134.5913848877
			vertex -2.4944088459015 -1.6667107343674 52.074081420898
			vertex -2.1213202476501 -2.1213202476501 52.065288543701
		endloop
	endfacet
	facet normal -0.8819196421551 -0.47139977172356 -0
		outer loop
			vertex -2.4944088459015 -1.6667107343674 134.5913848877
			vertex -2.4980595111847 -1.6598808765411 52.074424743652
			vertex -2.4944088459015 -1.6667107343674 52.074081420898
		endloop
	endfacet
	facet normal -0.63439350016813 -0.77301027609239 -0
		outer loop
			vertex -2.1213202476501 -2.1213202476501 132.26936340332
			vertex -2.1213202476501 -2.1213202476501 52.065288543701
			vertex -1.6667107343674 -2.4944088459015 52.074081420898
		endloop
	endfacet
	facet normal -0.4713967128914 -0.88192127714166 3.2551099073249e-10
		outer loop
			vertex -1.6667107343674 -2.4944088459015 134.5913848877
			vertex -1.6598808765411 -2.4980595111847 52.074424743652
			vertex -1.1480503082275 -2.7716386318207 52.043041229248
		endloop
	endfacet
	facet normal -0.47139977172356 -0.8819196421551 -0
		outer loop
			vertex -1.6667107343674 -2.4944088459015 134.5913848877
			vertex -1.6667107343674 -2.4944088459015 52.074081420898
			vertex -1.6598808765411 -2.4980595111847 52.074424743652
		endloop
	endfacet
	facet normal -0.88192127713337 -0.47139671290692 -0
		outer loop
			vertex -2.7716386318207 -1.1480503082275 138.80049133301
			vertex -2.7716386318207 -1.1480503082275 52.043041229248
			vertex -2.4980595111847 -1.6598808765411 52.074424743652
		endloop
	endfacet
	facet normal -0.29028465359725 -0.95694034290854 -0
		outer loop
			vertex -1.1480503082275 -2.7716386318207 138.80049133301
			vertex -1.1480503082275 -2.7716386318207 52.043041229248
			vertex -0.58527094125748 -2.9423558712006 52.048000335693
		endloop
	endfacet
	facet normal -0.99518473124162 -0.098017093935455 -0
		outer loop
			vertex -2.9423558712006 -0.58527094125748 140
			vertex -3 0 140
			vertex -2.9423558712006 -0.58527094125748 52.048000335693
		endloop
	endfacet
	facet normal -0.29028465359725 -0.95694034290854 0
		outer loop
			vertex -1.1480503082275 -2.7716386318207 138.80049133301
			vertex -0.58527094125748 -2.9423558712006 52.048000335693
			vertex -0.58527094125748 -2.9423558712006 140
		endloop
	endfacet
	facet normal -0.098017093935455 -0.99518473124162 -8.0528131767378e-19
		outer loop
			vertex -0.58527094125748 -2.9423558712006 140
			vertex 7.6540422330873e-16 -3 52.089527130127
			vertex 0 -3 140
		endloop
	endfacet
	facet normal -0.88192125452055 -0.47139675521254 3.2100731677168e-10
		outer loop
			vertex -2.4944088459015 -1.6667107343674 134.5913848877
			vertex -2.7716386318207 -1.1480503082275 138.80049133301
			vertex -2.4980595111847 -1.6598808765411 52.074424743652
		endloop
	endfacet
	facet normal -0.77301036360105 -0.63439339353856 0
		outer loop
			vertex -2.2597210407257 -1.9526784420013 132.26559448242
			vertex -2.1213202476501 -2.1213202476501 52.065288543701
			vertex -2.1213202476501 -2.1213202476501 132.26936340332
		endloop
	endfacet
	facet normal -0.77301022206598 -0.63439356599945 6.0688900413165e-10
		outer loop
			vertex -2.2597210407257 -1.9526784420013 132.26559448242
			vertex -2.4944088459015 -1.6667107343674 134.5913848877
			vertex -2.1213202476501 -2.1213202476501 52.065288543701
		endloop
	endfacet
	facet normal -0.63439339352505 -0.77301036361214 1.0117002374106e-09
		outer loop
			vertex -1.9526784420013 -2.2597210407257 132.26559448242
			vertex -2.1213202476501 -2.1213202476501 132.26936340332
			vertex -1.6667107343674 -2.4944088459015 52.074081420898
		endloop
	endfacet
	facet normal -0.63439356305006 -0.77301022448649 0
		outer loop
			vertex -1.9526784420013 -2.2597210407257 132.26559448242
			vertex -1.6667107343674 -2.4944088459015 52.074081420898
			vertex -1.6667107343674 -2.4944088459015 134.5913848877
		endloop
	endfacet
	facet normal -0.95694034290854 -0.29028465359725 -0
		outer loop
			vertex -2.7716386318207 -1.1480503082275 138.80049133301
			vertex -2.9423558712006 -0.58527094125748 140
			vertex -2.7716386318207 -1.1480503082275 52.043041229248
		endloop
	endfacet
	facet normal -0.47139675318634 -0.88192125560357 0
		outer loop
			vertex -1.6667107343674 -2.4944088459015 134.5913848877
			vertex -1.1480503082275 -2.7716386318207 52.043041229248
			vertex -1.1480503082275 -2.7716386318207 138.80049133301
		endloop
	endfacet
	facet normal -0.9569402965209 -0.2902848065168 7.8348026204187e-08
		outer loop
			vertex -2.7716386318207 -1.1480503082275 138.80049133301
			vertex -2.8165547847748 -0.99998134374619 140
			vertex -2.9423558712006 -0.58527094125748 140
		endloop
	endfacet
	facet normal -0.2902848065168 -0.9569402965209 7.8348026204187e-08
		outer loop
			vertex -1.1480503082275 -2.7716386318207 138.80049133301
			vertex -0.58527094125748 -2.9423558712006 140
			vertex -0.99998134374619 -2.8165547847748 140
		endloop
	endfacet
	facet normal -0.99518473124162 0.098017093935455 0
		outer loop
			vertex -2.9423558712006 0.58527094125748 140
			vertex -2.9423558712006 0.58527094125748 52.048000335693
			vertex -3 0 52.089527130127
		endloop
	endfacet
	facet normal -0.95694034290854 0.29028465359725 0
		outer loop
			vertex -2.7716386318207 1.1480503082275 138.80049133301
			vertex -2.7716386318207 1.1480503082275 52.043041229248
			vertex -2.9423558712006 0.58527094125748 52.048000335693
		endloop
	endfacet
	facet normal -0.88192127714166 0.4713967128914 3.2551099073249e-10
		outer loop
			vertex -2.4944088459015 1.6667107343674 134.5913848877
			vertex -2.4980595111847 1.6598808765411 52.074424743652
			vertex -2.7716386318207 1.1480503082275 52.043041229248
		endloop
	endfacet
	facet normal -0.8819196421551 0.47139977172356 0
		outer loop
			vertex -2.4944088459015 1.6667107343674 134.5913848877
			vertex -2.4944088459015 1.6667107343674 52.074081420898
			vertex -2.4980595111847 1.6598808765411 52.074424743652
		endloop
	endfacet
	facet normal -0.77301027609239 0.63439350016813 0
		outer loop
			vertex -2.1213202476501 2.1213202476501 132.26936340332
			vertex -2.1213202476501 2.1213202476501 52.065288543701
			vertex -2.4944088459015 1.6667107343674 52.074081420898
		endloop
	endfacet
	facet normal -0.63439350016813 0.77301027609239 0
		outer loop
			vertex -1.6667107343674 2.4944088459015 134.5913848877
			vertex -1.6667107343674 2.4944088459015 52.074081420898
			vertex -2.1213202476501 2.1213202476501 52.065288543701
		endloop
	endfacet
	facet normal -0.47139977172356 0.8819196421551 0
		outer loop
			vertex -1.6667107343674 2.4944088459015 134.5913848877
			vertex -1.6598808765411 2.4980595111847 52.074424743652
			vertex -1.6667107343674 2.4944088459015 52.074081420898
		endloop
	endfacet
	facet normal -0.47139671290692 0.88192127713337 0
		outer loop
			vertex -1.1480503082275 2.7716386318207 138.80049133301
			vertex -1.1480503082275 2.7716386318207 52.043041229248
			vertex -1.6598808765411 2.4980595111847 52.074424743652
		endloop
	endfacet
	facet normal -0.29028465359725 0.95694034290854 0
		outer loop
			vertex -0.58527094125748 2.9423558712006 140
			vertex -0.58527094125748 2.9423558712006 52.048000335693
			vertex -1.1480503082275 2.7716386318207 52.043041229248
		endloop
	endfacet
	facet normal -0.098017093935455 0.99518473124162 0
		outer loop
			vertex 0 3 140
			vertex 0 3 52.089527130127
			vertex -0.58527094125748 2.9423558712006 52.048000335693
		endloop
	endfacet
	facet normal -0.99518473124162 0.098017093935455 0
		outer loop
			vertex -3 0 140
			vertex -2.9423558712006 0.58527094125748 140
			vertex -3 0 52.089527130127
		endloop
	endfacet
	facet normal -0.95694034290854 0.29028465359725 0
		outer loop
			vertex -2.9423558712006 0.58527094125748 140
			vertex -2.7716386318207 1.1480503082275 138.80049133301
			vertex -2.9423558712006 0.58527094125748 52.048000335693
		endloop
	endfacet
	facet normal -0.88192125560357 0.47139675318634 0
		outer loop
			vertex -2.7716386318207 1.1480503082275 138.80049133301
			vertex -2.4944088459015 1.6667107343674 134.5913848877
			vertex -2.7716386318207 1.1480503082275 52.043041229248
		endloop
	endfacet
	facet normal -0.77301022448649 0.63439356305006 0
		outer loop
			vertex -2.2597210407257 1.9526784420013 132.26559448242
			vertex -2.4944088459015 1.6667107343674 52.074081420898
			vertex -2.4944088459015 1.6667107343674 134.5913848877
		endloop
	endfacet
	facet normal -0.77301036361214 0.63439339352505 1.0117002374106e-09
		outer loop
			vertex -2.2597210407257 1.9526784420013 132.26559448242
			vertex -2.1213202476501 2.1213202476501 132.26936340332
			vertex -2.4944088459015 1.6667107343674 52.074081420898
		endloop
	endfacet
	facet normal -0.63439339353856 0.77301036360105 0
		outer loop
			vertex -2.1213202476501 2.1213202476501 132.26936340332
			vertex -1.9526784420013 2.2597210407257 132.26559448242
			vertex -2.1213202476501 2.1213202476501 52.065288543701
		endloop
	endfacet
	facet normal -0.63439356599945 0.77301022206598 6.0688900413165e-10
		outer loop
			vertex -1.9526784420013 2.2597210407257 132.26559448242
			vertex -1.6667107343674 2.4944088459015 134.5913848877
			vertex -2.1213202476501 2.1213202476501 52.065288543701
		endloop
	endfacet
	facet normal -0.47139675521254 0.88192125452055 3.2100731677168e-10
		outer loop
			vertex -1.6667107343674 2.4944088459015 134.5913848877
			vertex -1.1480503082275 2.7716386318207 138.80049133301
			vertex -1.6598808765411 2.4980595111847 52.074424743652
		endloop
	endfacet
	facet normal -0.29028465359725 0.95694034290854 0
		outer loop
			vertex -1.1480503082275 2.7716386318207 138.80049133301
			vertex -0.58527094125748 2.9423558712006 140
			vertex -1.1480503082275 2.7716386318207 52.043041229248
		endloop
	endfacet
	facet normal -0.9569402965209 0.2902848065168 7.8348026204187e-08
		outer loop
			vertex -2.9423558712006 0.58527094125748 140
			vertex -2.8165547847748 0.99998134374619 140
			vertex -2.7716386318207 1.1480503082275 138.80049133301
		endloop
	endfacet
	facet normal -0.2902848065168 0.9569402965209 7.8348026204187e-08
		outer loop
			vertex -1.1480503082275 2.7716386318207 138.80049133301
			vertex -0.99998134374619 2.8165547847748 140
			vertex -0.58527094125748 2.9423558712006 140
		endloop
	endfacet
	facet normal -0.098017093935455 0.99518473124162 0
		outer loop
			vertex -0.58527094125748 2.9423558712006 140
			vertex 0 3 140
			vertex -0.58527094125748 2.9423558712006 52.048000335693
		endloop
	endfacet
	facet normal 0.098017093935455 -0.99518473124162 8.5339886370189e-19
		outer loop
			vertex 0 -3 140
			vertex 7.6540422330873e-16 -3 52.089527130127
			vertex 0.58527094125748 -2.9423558712006 52.048000335693
		endloop
	endfacet
	facet normal 0.29028465359725 -0.95694034290854 0
		outer loop
			vertex 0.58527094125748 -2.9423558712006 140
			vertex 0.58527094125748 -2.9423558712006 52.048000335693
			vertex 1.1480503082275 -2.7716386318207 52.043041229248
		endloop
	endfacet
	facet normal 0.47139671290692 -0.88192127713337 0
		outer loop
			vertex 1.1480503082275 -2.7716386318207 138.80049133301
			vertex 1.1480503082275 -2.7716386318207 52.043041229248
			vertex 1.6598808765411 -2.4980595111847 52.074424743652
		endloop
	endfacet
	facet normal 0.47139977172356 -0.8819196421551 0
		outer loop
			vertex 1.6667107343674 -2.4944088459015 134.5913848877
			vertex 1.6598808765411 -2.4980595111847 52.074424743652
			vertex 1.6667107343674 -2.4944088459015 52.074081420898
		endloop
	endfacet
	facet normal 0.63439350016813 -0.77301027609239 0
		outer loop
			vertex 1.6667107343674 -2.4944088459015 134.5913848877
			vertex 1.6667107343674 -2.4944088459015 52.074081420898
			vertex 2.1213202476501 -2.1213202476501 52.065288543701
		endloop
	endfacet
	facet normal 0.77301027609239 -0.63439350016813 0
		outer loop
			vertex 2.1213202476501 -2.1213202476501 132.26936340332
			vertex 2.1213202476501 -2.1213202476501 52.065288543701
			vertex 2.4944088459015 -1.6667107343674 52.074081420898
		endloop
	endfacet
	facet normal 0.8819196421551 -0.47139977172356 0
		outer loop
			vertex 2.4944088459015 -1.6667107343674 134.5913848877
			vertex 2.4944088459015 -1.6667107343674 52.074081420898
			vertex 2.4980595111847 -1.6598808765411 52.074424743652
		endloop
	endfacet
	facet normal 0.88192127714166 -0.4713967128914 3.2551099073249e-10
		outer loop
			vertex 2.4944088459015 -1.6667107343674 134.5913848877
			vertex 2.4980595111847 -1.6598808765411 52.074424743652
			vertex 2.7716386318207 -1.1480503082275 52.043041229248
		endloop
	endfacet
	facet normal 0.95694034290854 -0.29028465359725 0
		outer loop
			vertex 2.7716386318207 -1.1480503082275 138.80049133301
			vertex 2.7716386318207 -1.1480503082275 52.043041229248
			vertex 2.9423558712006 -0.58527094125748 52.048000335693
		endloop
	endfacet
	facet normal 0.99518473124162 -0.098017093935455 0
		outer loop
			vertex 2.9423558712006 -0.58527094125748 140
			vertex 2.9423558712006 -0.58527094125748 52.048000335693
			vertex 3 7.6540422330873e-16 52.089527130127
		endloop
	endfacet
	facet normal 0.098017093935455 -0.99518473124162 0
		outer loop
			vertex 0 -3 140
			vertex 0.58527094125748 -2.9423558712006 52.048000335693
			vertex 0.58527094125748 -2.9423558712006 140
		endloop
	endfacet
	facet normal 0.29028465359725 -0.95694034290854 0
		outer loop
			vertex 0.58527094125748 -2.9423558712006 140
			vertex 1.1480503082275 -2.7716386318207 52.043041229248
			vertex 1.1480503082275 -2.7716386318207 138.80049133301
		endloop
	endfacet
	facet normal 0.47139675521254 -0.88192125452055 3.2100731677168e-10
		outer loop
			vertex 1.1480503082275 -2.7716386318207 138.80049133301
			vertex 1.6598808765411 -2.4980595111847 52.074424743652
			vertex 1.6667107343674 -2.4944088459015 134.5913848877
		endloop
	endfacet
	facet normal 0.63439339353856 -0.77301036360105 0
		outer loop
			vertex 1.9526784420013 -2.2597210407257 132.26559448242
			vertex 2.1213202476501 -2.1213202476501 52.065288543701
			vertex 2.1213202476501 -2.1213202476501 132.26936340332
		endloop
	endfacet
	facet normal 0.63439356599945 -0.77301022206598 6.0688900413165e-10
		outer loop
			vertex 1.9526784420013 -2.2597210407257 132.26559448242
			vertex 1.6667107343674 -2.4944088459015 134.5913848877
			vertex 2.1213202476501 -2.1213202476501 52.065288543701
		endloop
	endfacet
	facet normal 0.77301036361214 -0.63439339352505 1.0117002374106e-09
		outer loop
			vertex 2.1213202476501 -2.1213202476501 132.26936340332
			vertex 2.4944088459015 -1.6667107343674 52.074081420898
			vertex 2.2597210407257 -1.9526784420013 132.26559448242
		endloop
	endfacet
	facet normal 0.77301022448649 -0.63439356305006 0
		outer loop
			vertex 2.2597210407257 -1.9526784420013 132.26559448242
			vertex 2.4944088459015 -1.6667107343674 52.074081420898
			vertex 2.4944088459015 -1.6667107343674 134.5913848877
		endloop
	endfacet
	facet normal 0.88192125560357 -0.47139675318634 0
		outer loop
			vertex 2.4944088459015 -1.6667107343674 134.5913848877
			vertex 2.7716386318207 -1.1480503082275 52.043041229248
			vertex 2.7716386318207 -1.1480503082275 138.80049133301
		endloop
	endfacet
	facet normal 0.2902848065168 -0.9569402965209 7.8348026204187e-08
		outer loop
			vertex 0.58527094125748 -2.9423558712006 140
			vertex 1.1480503082275 -2.7716386318207 138.80049133301
			vertex 0.99998134374619 -2.8165547847748 140
		endloop
	endfacet
	facet normal 0.9569402965209 -0.2902848065168 7.8348026204187e-08
		outer loop
			vertex 2.7716386318207 -1.1480503082275 138.80049133301
			vertex 2.9423558712006 -0.58527094125748 140
			vertex 2.8165547847748 -0.99998134374619 140
		endloop
	endfacet
	facet normal 0.95694034290854 -0.29028465359725 0
		outer loop
			vertex 2.7716386318207 -1.1480503082275 138.80049133301
			vertex 2.9423558712006 -0.58527094125748 52.048000335693
			vertex 2.9423558712006 -0.58527094125748 140
		endloop
	endfacet
	facet normal 0.99518473124162 -0.098017093935455 -8.0528131767378e-19
		outer loop
			vertex 2.9423558712006 -0.58527094125748 140
			vertex 3 7.6540422330873e-16 52.089527130127
			vertex 3 0 140
		endloop
	endfacet
	facet normal 0.29028465359725 0.95694034290854 0
		outer loop
			vertex 1.1480503082275 2.7716386318207 138.80049133301
			vertex 1.1480503082275 2.7716386318207 52.043041229248
			vertex 0.58527094125748 2.9423558712006 52.048000335693
		endloop
	endfacet
	facet normal 0.88192127713337 0.47139671290692 0
		outer loop
			vertex 2.7716386318207 1.1480503082275 138.80049133301
			vertex 2.7716386318207 1.1480503082275 52.043041229248
			vertex 2.4980595111847 1.6598808765411 52.074424743652
		endloop
	endfacet
	facet normal 0.47139977172356 0.8819196421551 0
		outer loop
			vertex 1.6667107343674 2.4944088459015 134.5913848877
			vertex 1.6667107343674 2.4944088459015 52.074081420898
			vertex 1.6598808765411 2.4980595111847 52.074424743652
		endloop
	endfacet
	facet normal 0.4713967128914 0.88192127714166 3.2551099073249e-10
		outer loop
			vertex 1.6667107343674 2.4944088459015 134.5913848877
			vertex 1.6598808765411 2.4980595111847 52.074424743652
			vertex 1.1480503082275 2.7716386318207 52.043041229248
		endloop
	endfacet
	facet normal 0.63439350016813 0.77301027609239 0
		outer loop
			vertex 2.1213202476501 2.1213202476501 132.26936340332
			vertex 2.1213202476501 2.1213202476501 52.065288543701
			vertex 1.6667107343674 2.4944088459015 52.074081420898
		endloop
	endfacet
	facet normal 0.8819196421551 0.47139977172356 0
		outer loop
			vertex 2.4944088459015 1.6667107343674 134.5913848877
			vertex 2.4980595111847 1.6598808765411 52.074424743652
			vertex 2.4944088459015 1.6667107343674 52.074081420898
		endloop
	endfacet
	facet normal 0.77301027609239 0.63439350016813 0
		outer loop
			vertex 2.4944088459015 1.6667107343674 134.5913848877
			vertex 2.4944088459015 1.6667107343674 52.074081420898
			vertex 2.1213202476501 2.1213202476501 52.065288543701
		endloop
	endfacet
	facet normal 0.098017093935455 0.99518473124162 0
		outer loop
			vertex 0.58527094125748 2.9423558712006 140
			vertex 0.58527094125748 2.9423558712006 52.048000335693
			vertex 0 3 52.089527130127
		endloop
	endfacet
	facet normal 0.99518473124162 0.098017093935455 8.5339886370189e-19
		outer loop
			vertex 3 0 140
			vertex 3 7.6540422330873e-16 52.089527130127
			vertex 2.9423558712006 0.58527094125748 52.048000335693
		endloop
	endfacet
	facet normal 0.95694034290854 0.29028465359725 0
		outer loop
			vertex 2.9423558712006 0.58527094125748 140
			vertex 2.9423558712006 0.58527094125748 52.048000335693
			vertex 2.7716386318207 1.1480503082275 52.043041229248
		endloop
	endfacet
	facet normal 0.47139675318634 0.88192125560357 0
		outer loop
			vertex 1.1480503082275 2.7716386318207 138.80049133301
			vertex 1.6667107343674 2.4944088459015 134.5913848877
			vertex 1.1480503082275 2.7716386318207 52.043041229248
		endloop
	endfacet
	facet normal 0.95694034290854 0.29028465359725 0
		outer loop
			vertex 2.9423558712006 0.58527094125748 140
			vertex 2.7716386318207 1.1480503082275 52.043041229248
			vertex 2.7716386318207 1.1480503082275 138.80049133301
		endloop
	endfacet
	facet normal 0.63439356305006 0.77301022448649 0
		outer loop
			vertex 1.9526784420013 2.2597210407257 132.26559448242
			vertex 1.6667107343674 2.4944088459015 52.074081420898
			vertex 1.6667107343674 2.4944088459015 134.5913848877
		endloop
	endfacet
	facet normal 0.63439339352505 0.77301036361214 1.0117002374106e-09
		outer loop
			vertex 2.1213202476501 2.1213202476501 132.26936340332
			vertex 1.6667107343674 2.4944088459015 52.074081420898
			vertex 1.9526784420013 2.2597210407257 132.26559448242
		endloop
	endfacet
	facet normal 0.77301036360105 0.63439339353856 0
		outer loop
			vertex 2.1213202476501 2.1213202476501 132.26936340332
			vertex 2.2597210407257 1.9526784420013 132.26559448242
			vertex 2.1213202476501 2.1213202476501 52.065288543701
		endloop
	endfacet
	facet normal 0.77301022206598 0.63439356599945 6.0688900413165e-10
		outer loop
			vertex 2.2597210407257 1.9526784420013 132.26559448242
			vertex 2.4944088459015 1.6667107343674 134.5913848877
			vertex 2.1213202476501 2.1213202476501 52.065288543701
		endloop
	endfacet
	facet normal 0.88192125452055 0.47139675521254 3.2100731677168e-10
		outer loop
			vertex 2.7716386318207 1.1480503082275 138.80049133301
			vertex 2.4980595111847 1.6598808765411 52.074424743652
			vertex 2.4944088459015 1.6667107343674 134.5913848877
		endloop
	endfacet
	facet normal 0.2902848065168 0.9569402965209 7.8348026204187e-08
		outer loop
			vertex 0.58527094125748 2.9423558712006 140
			vertex 0.99998134374619 2.8165547847748 140
			vertex 1.1480503082275 2.7716386318207 138.80049133301
		endloop
	endfacet
	facet normal 0.9569402965209 0.2902848065168 7.8348026204187e-08
		outer loop
			vertex 2.9423558712006 0.58527094125748 140
			vertex 2.7716386318207 1.1480503082275 138.80049133301
			vertex 2.8165547847748 0.99998134374619 140
		endloop
	endfacet
	facet normal 0.098017093935455 0.99518473124162 0
		outer loop
			vertex 0 3 140
			vertex 0.58527094125748 2.9423558712006 140
			vertex 0 3 52.089527130127
		endloop
	endfacet
	facet normal 0.29028465359725 0.95694034290854 0
		outer loop
			vertex 0.58527094125748 2.9423558712006 140
			vertex 1.1480503082275 2.7716386318207 138.80049133301
			vertex 0.58527094125748 2.9423558712006 52.048000335693
		endloop
	endfacet
	facet normal 0.99518473124162 0.098017093935455 0
		outer loop
			vertex 3 0 140
			vertex 2.9423558712006 0.58527094125748 52.048000335693
			vertex 2.9423558712006 0.58527094125748 140
		endloop
	endfacet
	facet normal -0.94404269486854 -0.28637235992656 0.16362842581724
		outer loop
			vertex -2.8165547847748 -0.99998134374619 140
			vertex -2.207498550415 -0.43909874558449 144.4955291748
			vertex -2.9423558712006 -0.58527094125748 140
		endloop
	endfacet
	facet normal -0.98177164275551 -0.096696020658469 0.16362860712592
		outer loop
			vertex -2.9423558712006 -0.58527094125748 140
			vertex -2 0 146
			vertex -3 0 140
		endloop
	endfacet
	facet normal -0.98177195619891 -0.096693217560634 0.1636283829265
		outer loop
			vertex -2.9423558712006 -0.58527094125748 140
			vertex -2.207498550415 -0.43909874558449 144.4955291748
			vertex -2 0 146
		endloop
	endfacet
	facet normal -0.9817715469001 -0.096696063320513 0.16362915704632
		outer loop
			vertex -2.207498550415 -0.43909874558449 144.4955291748
			vertex -1.9752613306046 -0.25117591023445 146
			vertex -2 0 146
		endloop
	endfacet
	facet normal -0.28637235992656 -0.94404269486854 0.16362842581724
		outer loop
			vertex -0.99998134374619 -2.8165547847748 140
			vertex -0.58527094125748 -2.9423558712006 140
			vertex -0.43909874558449 -2.207498550415 144.4955291748
		endloop
	endfacet
	facet normal -0.096696023574401 -0.98177167236147 0.16362842776687
		outer loop
			vertex -0.58527094125748 -2.9423558712006 140
			vertex 0 -3 140
			vertex -0.43909874558449 -2.207498550415 144.4955291748
		endloop
	endfacet
	facet normal -0.096694151489156 -0.98177182187519 0.1636286369792
		outer loop
			vertex -0.43909874558449 -2.207498550415 144.4955291748
			vertex 0 -3 140
			vertex 0 -2 146
		endloop
	endfacet
	facet normal -0.096696063320513 -0.9817715469001 0.16362915704632
		outer loop
			vertex -0.43909874558449 -2.207498550415 144.4955291748
			vertex 0 -2 146
			vertex -0.25117591023445 -1.9752613306046 146
		endloop
	endfacet
	facet normal 0 -0 1
		outer loop
			vertex -1.9752613306046 -0.25117591023445 146
			vertex -0.23787751793861 -0.23787751793861 146
			vertex -2 0 146
		endloop
	endfacet
	facet normal -0 0 1
		outer loop
			vertex -0.25117591023445 -1.9752613306046 146
			vertex 0 -2 146
			vertex 0 2 146
		endloop
	endfacet
	facet normal 0 0 1
		outer loop
			vertex -0.25117591023445 -1.9752613306046 146
			vertex 0 2 146
			vertex -0.23787751793861 -0.23787751793861 146
		endloop
	endfacet
	facet normal -0.98177167236147 0.096696023574401 0.16362842776687
		outer loop
			vertex -3 0 140
			vertex -2.207498550415 0.43909874558449 144.4955291748
			vertex -2.9423558712006 0.58527094125748 140
		endloop
	endfacet
	facet normal -0.94404269486854 0.28637235992656 0.16362842581724
		outer loop
			vertex -2.9423558712006 0.58527094125748 140
			vertex -2.207498550415 0.43909874558449 144.4955291748
			vertex -2.8165547847748 0.99998134374619 140
		endloop
	endfacet
	facet normal -0.98177182187519 0.096694151489156 0.1636286369792
		outer loop
			vertex -3 0 140
			vertex -2 0 146
			vertex -2.207498550415 0.43909874558449 144.4955291748
		endloop
	endfacet
	facet normal -0.9817715469001 0.096696063320513 0.16362915704632
		outer loop
			vertex -2 0 146
			vertex -1.9752613306046 0.25117591023445 146
			vertex -2.207498550415 0.43909874558449 144.4955291748
		endloop
	endfacet
	facet normal 0 0 1
		outer loop
			vertex -0.23787751793861 -0.23787751793861 146
			vertex -1.9752613306046 0.25117591023445 146
			vertex -2 0 146
		endloop
	endfacet
	facet normal 0 -0 1
		outer loop
			vertex -0.23787751793861 -0.23787751793861 146
			vertex -0.23787751793861 0.23787751793861 146
			vertex -1.9752613306046 0.25117591023445 146
		endloop
	endfacet
	facet normal 0 0 1
		outer loop
			vertex -0.23787751793861 -0.23787751793861 146
			vertex 0 2 146
			vertex -0.23787751793861 0.23787751793861 146
		endloop
	endfacet
	facet normal 0 -0 1
		outer loop
			vertex -0.23787751793861 0.23787751793861 146
			vertex 0 2 146
			vertex -0.25117591023445 1.9752613306046 146
		endloop
	endfacet
	facet normal -0.096696063320513 0.9817715469001 0.16362915704632
		outer loop
			vertex -0.43909874558449 2.207498550415 144.4955291748
			vertex -0.25117591023445 1.9752613306046 146
			vertex 0 2 146
		endloop
	endfacet
	facet normal -0.28637235992656 0.94404269486854 0.16362842581724
		outer loop
			vertex -0.99998134374619 2.8165547847748 140
			vertex -0.43909874558449 2.207498550415 144.4955291748
			vertex -0.58527094125748 2.9423558712006 140
		endloop
	endfacet
	facet normal -0.096693217560634 0.98177195619891 0.1636283829265
		outer loop
			vertex -0.43909874558449 2.207498550415 144.4955291748
			vertex 0 2 146
			vertex -0.58527094125748 2.9423558712006 140
		endloop
	endfacet
	facet normal -0.096696020658469 0.98177164275551 0.16362860712592
		outer loop
			vertex -0.58527094125748 2.9423558712006 140
			vertex 0 2 146
			vertex 0 3 140
		endloop
	endfacet
	facet normal 0.096696020658469 -0.98177164275551 0.16362860712592
		outer loop
			vertex 0 -3 140
			vertex 0.58527094125748 -2.9423558712006 140
			vertex 0 -2 146
		endloop
	endfacet
	facet normal 0.096693217560634 -0.98177195619891 0.1636283829265
		outer loop
			vertex 0.58527094125748 -2.9423558712006 140
			vertex 0.43909874558449 -2.207498550415 144.4955291748
			vertex 0 -2 146
		endloop
	endfacet
	facet normal 0.28637235992656 -0.94404269486854 0.16362842581724
		outer loop
			vertex 0.58527094125748 -2.9423558712006 140
			vertex 0.99998134374619 -2.8165547847748 140
			vertex 0.43909874558449 -2.207498550415 144.4955291748
		endloop
	endfacet
	facet normal 0.096696063320513 -0.9817715469001 0.16362915704632
		outer loop
			vertex 0 -2 146
			vertex 0.43909874558449 -2.207498550415 144.4955291748
			vertex 0.25117591023445 -1.9752613306046 146
		endloop
	endfacet
	facet normal 0 0 1
		outer loop
			vertex 0 -2 146
			vertex 0.25117591023445 -1.9752613306046 146
			vertex 0.23787751793861 -0.23787751793861 146
		endloop
	endfacet
	facet normal 0 0 1
		outer loop
			vertex 0 -2 146
			vertex 0.23787751793861 -0.23787751793861 146
			vertex 0.23787751793861 0.23787751793861 146
		endloop
	endfacet
	facet normal -0 0 1
		outer loop
			vertex 0.23787751793861 -0.23787751793861 146
			vertex 1.9752613306046 -0.25117591023445 146
			vertex 0.23787751793861 0.23787751793861 146
		endloop
	endfacet
	facet normal 0 -0 1
		outer loop
			vertex 1.9752613306046 -0.25117591023445 146
			vertex 2 0 146
			vertex 0.23787751793861 0.23787751793861 146
		endloop
	endfacet
	facet normal 0.9817715469001 -0.096696063320513 0.16362915704632
		outer loop
			vertex 2.207498550415 -0.43909874558449 144.4955291748
			vertex 2 0 146
			vertex 1.9752613306046 -0.25117591023445 146
		endloop
	endfacet
	facet normal 0.98177182187519 -0.096694151489156 0.1636286369792
		outer loop
			vertex 2.207498550415 -0.43909874558449 144.4955291748
			vertex 3 0 140
			vertex 2 0 146
		endloop
	endfacet
	facet normal 0.94404269486854 -0.28637235992656 0.16362842581724
		outer loop
			vertex 2.207498550415 -0.43909874558449 144.4955291748
			vertex 2.8165547847748 -0.99998134374619 140
			vertex 2.9423558712006 -0.58527094125748 140
		endloop
	endfacet
	facet normal 0.98177167236147 -0.096696023574401 0.16362842776687
		outer loop
			vertex 2.207498550415 -0.43909874558449 144.4955291748
			vertex 2.9423558712006 -0.58527094125748 140
			vertex 3 0 140
		endloop
	endfacet
	facet normal 0 0 1
		outer loop
			vertex 0 -2 146
			vertex 0.23787751793861 0.23787751793861 146
			vertex 0.25117591023445 1.9752613306046 146
		endloop
	endfacet
	facet normal 0 0 1
		outer loop
			vertex 0 -2 146
			vertex 0.25117591023445 1.9752613306046 146
			vertex 0 2 146
		endloop
	endfacet
	facet normal -0 0 1
		outer loop
			vertex 0.23787751793861 0.23787751793861 146
			vertex 2 0 146
			vertex 1.9752613306046 0.25117591023445 146
		endloop
	endfacet
	facet normal 0.096696063320513 0.9817715469001 0.16362915704632
		outer loop
			vertex 0 2 146
			vertex 0.25117591023445 1.9752613306046 146
			vertex 0.43909874558449 2.207498550415 144.4955291748
		endloop
	endfacet
	facet normal 0.096694151489156 0.98177182187519 0.1636286369792
		outer loop
			vertex 0 2 146
			vertex 0.43909874558449 2.207498550415 144.4955291748
			vertex 0 3 140
		endloop
	endfacet
	facet normal 0.096696023574401 0.98177167236147 0.16362842776687
		outer loop
			vertex 0.43909874558449 2.207498550415 144.4955291748
			vertex 0.58527094125748 2.9423558712006 140
			vertex 0 3 140
		endloop
	endfacet
	facet normal 0.28637235992656 0.94404269486854 0.16362842581724
		outer loop
			vertex 0.43909874558449 2.207498550415 144.4955291748
			vertex 0.99998134374619 2.8165547847748 140
			vertex 0.58527094125748 2.9423558712006 140
		endloop
	endfacet
	facet normal 0.9817715469001 0.096696063320513 0.16362915704632
		outer loop
			vertex 2 0 146
			vertex 2.207498550415 0.43909874558449 144.4955291748
			vertex 1.9752613306046 0.25117591023445 146
		endloop
	endfacet
	facet normal 0.98177195619891 0.096693217560634 0.1636283829265
		outer loop
			vertex 2 0 146
			vertex 2.9423558712006 0.58527094125748 140
			vertex 2.207498550415 0.43909874558449 144.4955291748
		endloop
	endfacet
	facet normal 0.98177164275551 0.096696020658469 0.16362860712592
		outer loop
			vertex 2 0 146
			vertex 3 0 140
			vertex 2.9423558712006 0.58527094125748 140
		endloop
	endfacet
	facet normal 0.94404269486854 0.28637235992656 0.16362842581724
		outer loop
			vertex 2.207498550415 0.43909874558449 144.4955291748
			vertex 2.9423558712006 0.58527094125748 140
			vertex 2.8165547847748 0.99998134374619 140
		endloop
	endfacet
	facet normal 0.99240387602306 -0.0075961200760892 0.12278780808451
		outer loop
			vertex 0.23787751793861 0.23787751793861 146
			vertex 0.99998134374619 2.8165547847748 140
			vertex 0.25117591023445 1.9752613306046 146
		endloop
	endfacet
	facet normal 0.99240413285068 -0.0076230603020437 0.12278406269754
		outer loop
			vertex 0.25117591023445 1.9752613306046 146
			vertex 0.99998134374619 2.8165547847748 140
			vertex 0.43909874558449 2.207498550415 144.4955291748
		endloop
	endfacet
	facet normal 0.992403867251 -0.007595924346066 0.12278789109107
		outer loop
			vertex 0.23787751793861 0.23787751793861 146
			vertex 1.9550107717514 1.9550107717514 132.22790527344
			vertex 0.99998134374619 2.8165547847748 140
		endloop
	endfacet
	facet normal 0.99240366309893 -0.0076106595406988 0.12278862866402
		outer loop
			vertex 0.99998134374619 2.8165547847748 140
			vertex 1.6667107343674 2.4944088459015 134.5913848877
			vertex 1.1480503082275 2.7716386318207 138.80049133301
		endloop
	endfacet
	facet normal -0.0075961197205829 0.99240382957752 0.12278818349117
		outer loop
			vertex 0.23787751793861 0.23787751793861 146
			vertex 1.9752613306046 0.25117591023445 146
			vertex 2.207498550415 0.43909874558449 144.4955291748
		endloop
	endfacet
	facet normal -0.0075965536495199 0.99240389545442 0.12278762421164
		outer loop
			vertex 0.23787751793861 0.23787751793861 146
			vertex 2.207498550415 0.43909874558449 144.4955291748
			vertex 2.8165547847748 0.99998134374619 140
		endloop
	endfacet
	facet normal -0.007595924346066 0.992403867251 0.12278789109107
		outer loop
			vertex 0.23787751793861 0.23787751793861 146
			vertex 2.8165547847748 0.99998134374619 140
			vertex 1.9550107717514 1.9550107717514 132.22790527344
		endloop
	endfacet
	facet normal -0.0076106595406988 0.99240366309893 0.12278862866402
		outer loop
			vertex 2.8165547847748 0.99998134374619 140
			vertex 2.7716386318207 1.1480503082275 138.80049133301
			vertex 2.4944088459015 1.6667107343674 134.5913848877
		endloop
	endfacet
	facet normal -0.12274796178059 -0.12275030132325 0.98481739495389
		outer loop
			vertex 1.9550107717514 1.9550107717514 132.22790527344
			vertex 2.1213202476501 2.1213202476501 132.26936340332
			vertex 1.9526784420013 2.2597210407257 132.26559448242
		endloop
	endfacet
	facet normal -0.12275030132325 -0.12274796178059 0.98481739495389
		outer loop
			vertex 1.9550107717514 1.9550107717514 132.22790527344
			vertex 2.2597210407257 1.9526784420013 132.26559448242
			vertex 2.1213202476501 2.1213202476501 132.26936340332
		endloop
	endfacet
	facet normal -0.0075912621592984 0.99240400003193 0.12278710624271
		outer loop
			vertex 1.9550107717514 1.9550107717514 132.22790527344
			vertex 2.4944088459015 1.6667107343674 134.5913848877
			vertex 2.2597210407257 1.9526784420013 132.26559448242
		endloop
	endfacet
	facet normal 0.99240396463144 -0.0075912975491383 0.12278739017231
		outer loop
			vertex 0.99998134374619 2.8165547847748 140
			vertex 1.9550107717514 1.9550107717514 132.22790527344
			vertex 1.9526784420013 2.2597210407257 132.26559448242
		endloop
	endfacet
	facet normal 0.99240380400652 -0.0076011437244195 0.1227880792564
		outer loop
			vertex 0.99998134374619 2.8165547847748 140
			vertex 1.9526784420013 2.2597210407257 132.26559448242
			vertex 1.6667107343674 2.4944088459015 134.5913848877
		endloop
	endfacet
	facet normal -0.0075936842185077 0.99240391440177 0.12278764856467
		outer loop
			vertex 2.8165547847748 0.99998134374619 140
			vertex 2.4944088459015 1.6667107343674 134.5913848877
			vertex 1.9550107717514 1.9550107717514 132.22790527344
		endloop
	endfacet
	facet normal 0.0076230603020437 0.99240413285068 0.12278406269754
		outer loop
			vertex -2.8165547847748 0.99998134374619 140
			vertex -2.207498550415 0.43909874558449 144.4955291748
			vertex -1.9752613306046 0.25117591023445 146
		endloop
	endfacet
	facet normal 0.0076106595406988 0.99240366309893 0.12278862866402
		outer loop
			vertex -2.8165547847748 0.99998134374619 140
			vertex -2.4944088459015 1.6667107343674 134.5913848877
			vertex -2.7716386318207 1.1480503082275 138.80049133301
		endloop
	endfacet
	facet normal 0.0075961200760892 0.99240387602306 0.12278780808451
		outer loop
			vertex -2.8165547847748 0.99998134374619 140
			vertex -1.9752613306046 0.25117591023445 146
			vertex -0.23787751793861 0.23787751793861 146
		endloop
	endfacet
	facet normal 0.007595924346066 0.992403867251 0.12278789109107
		outer loop
			vertex -2.8165547847748 0.99998134374619 140
			vertex -0.23787751793861 0.23787751793861 146
			vertex -1.9550107717514 1.9550107717514 132.22790527344
		endloop
	endfacet
	facet normal 0.0075912621592984 0.99240400003193 0.12278710624271
		outer loop
			vertex -2.2597210407257 1.9526784420013 132.26559448242
			vertex -2.4944088459015 1.6667107343674 134.5913848877
			vertex -1.9550107717514 1.9550107717514 132.22790527344
		endloop
	endfacet
	facet normal 0.12275030132325 -0.12274796178059 0.98481739495389
		outer loop
			vertex -2.2597210407257 1.9526784420013 132.26559448242
			vertex -1.9550107717514 1.9550107717514 132.22790527344
			vertex -2.1213202476501 2.1213202476501 132.26936340332
		endloop
	endfacet
	facet normal 0.12274796178059 -0.12275030132325 0.98481739495389
		outer loop
			vertex -2.1213202476501 2.1213202476501 132.26936340332
			vertex -1.9550107717514 1.9550107717514 132.22790527344
			vertex -1.9526784420013 2.2597210407257 132.26559448242
		endloop
	endfacet
	facet normal -0.99240400003193 -0.0075912621592984 0.12278710624271
		outer loop
			vertex -1.9550107717514 1.9550107717514 132.22790527344
			vertex -1.6667107343674 2.4944088459015 134.5913848877
			vertex -1.9526784420013 2.2597210407257 132.26559448242
		endloop
	endfacet
	facet normal 0.0075936842185077 0.99240391440177 0.12278764856467
		outer loop
			vertex -2.8165547847748 0.99998134374619 140
			vertex -1.9550107717514 1.9550107717514 132.22790527344
			vertex -2.4944088459015 1.6667107343674 134.5913848877
		endloop
	endfacet
	facet normal -0.99240391440177 -0.0075936842185077 0.12278764856467
		outer loop
			vertex -1.9550107717514 1.9550107717514 132.22790527344
			vertex -0.99998134374619 2.8165547847748 140
			vertex -1.6667107343674 2.4944088459015 134.5913848877
		endloop
	endfacet
	facet normal -0.992403867251 -0.007595924346066 0.12278789109107
		outer loop
			vertex -1.9550107717514 1.9550107717514 132.22790527344
			vertex -0.23787751793861 0.23787751793861 146
			vertex -0.99998134374619 2.8165547847748 140
		endloop
	endfacet
	facet normal -0.99240366309893 -0.0076106595406988 0.12278862866402
		outer loop
			vertex -1.6667107343674 2.4944088459015 134.5913848877
			vertex -0.99998134374619 2.8165547847748 140
			vertex -1.1480503082275 2.7716386318207 138.80049133301
		endloop
	endfacet
	facet normal -0.99240389545442 -0.0075965536495199 0.12278762421164
		outer loop
			vertex -0.23787751793861 0.23787751793861 146
			vertex -0.43909874558449 2.207498550415 144.4955291748
			vertex -0.99998134374619 2.8165547847748 140
		endloop
	endfacet
	facet normal -0.99240382957752 -0.0075961197205829 0.12278818349117
		outer loop
			vertex -0.23787751793861 0.23787751793861 146
			vertex -0.25117591023445 1.9752613306046 146
			vertex -0.43909874558449 2.207498550415 144.4955291748
		endloop
	endfacet
	facet normal 0.0075912621592984 -0.99240400003193 0.12278710624271
		outer loop
			vertex -2.2597210407257 -1.9526784420013 132.26559448242
			vertex -1.9550107717514 -1.9550107717514 132.22790527344
			vertex -2.4944088459015 -1.6667107343674 134.5913848877
		endloop
	endfacet
	facet normal 0.12275030132325 0.12274796178059 0.98481739495389
		outer loop
			vertex -2.2597210407257 -1.9526784420013 132.26559448242
			vertex -2.1213202476501 -2.1213202476501 132.26936340332
			vertex -1.9550107717514 -1.9550107717514 132.22790527344
		endloop
	endfacet
	facet normal 0.12274796178059 0.12275030132325 0.98481739495389
		outer loop
			vertex -1.9526784420013 -2.2597210407257 132.26559448242
			vertex -1.9550107717514 -1.9550107717514 132.22790527344
			vertex -2.1213202476501 -2.1213202476501 132.26936340332
		endloop
	endfacet
	facet normal 0.0075936842185077 -0.99240391440177 0.12278764856467
		outer loop
			vertex -2.4944088459015 -1.6667107343674 134.5913848877
			vertex -1.9550107717514 -1.9550107717514 132.22790527344
			vertex -2.8165547847748 -0.99998134374619 140
		endloop
	endfacet
	facet normal -0.99240380400652 0.0076011437244195 0.1227880792564
		outer loop
			vertex -1.9526784420013 -2.2597210407257 132.26559448242
			vertex -1.6667107343674 -2.4944088459015 134.5913848877
			vertex -0.99998134374619 -2.8165547847748 140
		endloop
	endfacet
	facet normal -0.99240396463144 0.0075912975491383 0.12278739017231
		outer loop
			vertex -1.9526784420013 -2.2597210407257 132.26559448242
			vertex -0.99998134374619 -2.8165547847748 140
			vertex -1.9550107717514 -1.9550107717514 132.22790527344
		endloop
	endfacet
	facet normal 0.0076106595406988 -0.99240366309893 0.12278862866402
		outer loop
			vertex -2.4944088459015 -1.6667107343674 134.5913848877
			vertex -2.8165547847748 -0.99998134374619 140
			vertex -2.7716386318207 -1.1480503082275 138.80049133301
		endloop
	endfacet
	facet normal 0.007595924346066 -0.992403867251 0.12278789109107
		outer loop
			vertex -1.9550107717514 -1.9550107717514 132.22790527344
			vertex -0.23787751793861 -0.23787751793861 146
			vertex -2.8165547847748 -0.99998134374619 140
		endloop
	endfacet
	facet normal 0.0075965536495199 -0.99240389545442 0.12278762421164
		outer loop
			vertex -2.8165547847748 -0.99998134374619 140
			vertex -0.23787751793861 -0.23787751793861 146
			vertex -2.207498550415 -0.43909874558449 144.4955291748
		endloop
	endfacet
	facet normal 0.0075961197205829 -0.99240382957752 0.12278818349117
		outer loop
			vertex -2.207498550415 -0.43909874558449 144.4955291748
			vertex -0.23787751793861 -0.23787751793861 146
			vertex -1.9752613306046 -0.25117591023445 146
		endloop
	endfacet
	facet normal -0.99240366309893 0.0076106595406988 0.12278862866402
		outer loop
			vertex -1.6667107343674 -2.4944088459015 134.5913848877
			vertex -1.1480503082275 -2.7716386318207 138.80049133301
			vertex -0.99998134374619 -2.8165547847748 140
		endloop
	endfacet
	facet normal -0.992403867251 0.007595924346066 0.12278789109107
		outer loop
			vertex -1.9550107717514 -1.9550107717514 132.22790527344
			vertex -0.99998134374619 -2.8165547847748 140
			vertex -0.23787751793861 -0.23787751793861 146
		endloop
	endfacet
	facet normal -0.99240413285068 0.0076230603020437 0.12278406269754
		outer loop
			vertex -0.99998134374619 -2.8165547847748 140
			vertex -0.43909874558449 -2.207498550415 144.4955291748
			vertex -0.25117591023445 -1.9752613306046 146
		endloop
	endfacet
	facet normal -0.99240387602306 0.0075961200760892 0.12278780808451
		outer loop
			vertex -0.99998134374619 -2.8165547847748 140
			vertex -0.25117591023445 -1.9752613306046 146
			vertex -0.23787751793861 -0.23787751793861 146
		endloop
	endfacet
	facet normal 0.99240382957752 0.0075961197205829 0.12278818349117
		outer loop
			vertex 0.25117591023445 -1.9752613306046 146
			vertex 0.43909874558449 -2.207498550415 144.4955291748
			vertex 0.23787751793861 -0.23787751793861 146
		endloop
	endfacet
	facet normal 0.99240389545442 0.0075965536495199 0.12278762421164
		outer loop
			vertex 0.43909874558449 -2.207498550415 144.4955291748
			vertex 0.99998134374619 -2.8165547847748 140
			vertex 0.23787751793861 -0.23787751793861 146
		endloop
	endfacet
	facet normal 0.99240366309893 0.0076106595406988 0.12278862866402
		outer loop
			vertex 0.99998134374619 -2.8165547847748 140
			vertex 1.1480503082275 -2.7716386318207 138.80049133301
			vertex 1.6667107343674 -2.4944088459015 134.5913848877
		endloop
	endfacet
	facet normal 0.992403867251 0.007595924346066 0.12278789109107
		outer loop
			vertex 0.99998134374619 -2.8165547847748 140
			vertex 1.9550107717514 -1.9550107717514 132.22790527344
			vertex 0.23787751793861 -0.23787751793861 146
		endloop
	endfacet
	facet normal 0.99240400003193 0.0075912621592984 0.12278710624271
		outer loop
			vertex 1.9526784420013 -2.2597210407257 132.26559448242
			vertex 1.9550107717514 -1.9550107717514 132.22790527344
			vertex 1.6667107343674 -2.4944088459015 134.5913848877
		endloop
	endfacet
	facet normal -0.12274796178059 0.12275030132325 0.98481739495389
		outer loop
			vertex 1.9526784420013 -2.2597210407257 132.26559448242
			vertex 2.1213202476501 -2.1213202476501 132.26936340332
			vertex 1.9550107717514 -1.9550107717514 132.22790527344
		endloop
	endfacet
	facet normal -0.12275030132325 0.12274796178059 0.98481739495389
		outer loop
			vertex 1.9550107717514 -1.9550107717514 132.22790527344
			vertex 2.1213202476501 -2.1213202476501 132.26936340332
			vertex 2.2597210407257 -1.9526784420013 132.26559448242
		endloop
	endfacet
	facet normal -0.0075912621592984 -0.99240400003193 0.12278710624271
		outer loop
			vertex 1.9550107717514 -1.9550107717514 132.22790527344
			vertex 2.2597210407257 -1.9526784420013 132.26559448242
			vertex 2.4944088459015 -1.6667107343674 134.5913848877
		endloop
	endfacet
	facet normal 0.99240391440177 0.0075936842185077 0.12278764856467
		outer loop
			vertex 0.99998134374619 -2.8165547847748 140
			vertex 1.6667107343674 -2.4944088459015 134.5913848877
			vertex 1.9550107717514 -1.9550107717514 132.22790527344
		endloop
	endfacet
	facet normal -0.0075936842185077 -0.99240391440177 0.12278764856467
		outer loop
			vertex 1.9550107717514 -1.9550107717514 132.22790527344
			vertex 2.4944088459015 -1.6667107343674 134.5913848877
			vertex 2.8165547847748 -0.99998134374619 140
		endloop
	endfacet
	facet normal -0.007595924346066 -0.992403867251 0.12278789109107
		outer loop
			vertex 0.23787751793861 -0.23787751793861 146
			vertex 1.9550107717514 -1.9550107717514 132.22790527344
			vertex 2.8165547847748 -0.99998134374619 140
		endloop
	endfacet
	facet normal -0.0075961200760892 -0.99240387602306 0.12278780808451
		outer loop
			vertex 0.23787751793861 -0.23787751793861 146
			vertex 2.8165547847748 -0.99998134374619 140
			vertex 1.9752613306046 -0.25117591023445 146
		endloop
	endfacet
	facet normal -0.0076106595406988 -0.99240366309893 0.12278862866402
		outer loop
			vertex 2.4944088459015 -1.6667107343674 134.5913848877
			vertex 2.7716386318207 -1.1480503082275 138.80049133301
			vertex 2.8165547847748 -0.99998134374619 140
		endloop
	endfacet
	facet normal -0.0076230603020437 -0.99240413285068 0.12278406269754
		outer loop
			vertex 2.207498550415 -0.43909874558449 144.4955291748
			vertex 1.9752613306046 -0.25117591023445 146
			vertex 2.8165547847748 -0.99998134374619 140
		endloop
	endfacet
endsolid